ISO-10303-21;
HEADER;
/* Generated by software containing ST-Developer
 * from STEP Tools, Inc. (www.steptools.com) 
 */
/* OPTION: strings as raw bytes, not using required /X/ escapes */

FILE_DESCRIPTION(
/* description */ ('Unknown'),
/* implementation_level */ '2;1');

FILE_NAME(
/* name */ 'LS T676-Q1R2-1-Z',
/* time_stamp */ '2023-08-24T11:59:23+02:00',
/* author */ ('Unknown'),
/* organization */ ('Unknown'),
/* preprocessor_version */ 'ST-DEVELOPER v18.102',
/* originating_system */ 'Solid Edge',
/* authorisation */ 'Unknown');

FILE_SCHEMA (('AUTOMOTIVE_DESIGN {1 0 10303 214 3 1 1}'));
ENDSEC;

DATA;
#10=PROPERTY_DEFINITION_REPRESENTATION(#14,#12);
#11=PROPERTY_DEFINITION_REPRESENTATION(#15,#13);
#12=REPRESENTATION('',(#16),#2637);
#13=REPRESENTATION('',(#17),#2637);
#14=PROPERTY_DEFINITION('pmi validation property','',#2642);
#15=PROPERTY_DEFINITION('pmi validation property','',#2642);
#16=VALUE_REPRESENTATION_ITEM('number of annotations',COUNT_MEASURE(0.));
#17=VALUE_REPRESENTATION_ITEM('number of views',COUNT_MEASURE(0.));
#18=SHAPE_REPRESENTATION_RELATIONSHIP('','',#1797,#19);
#19=ADVANCED_BREP_SHAPE_REPRESENTATION('',(#1795),#2637);
#20=CONICAL_SURFACE('',#1837,1.2,0.566404507039024);
#21=ELLIPSE('',#1831,0.150731679338771,0.15);
#22=ELLIPSE('',#1832,0.150182363935894,0.15);
#23=ELLIPSE('',#1835,0.150731679338771,0.15);
#24=ELLIPSE('',#1836,0.150182363935894,0.15);
#25=ELLIPSE('',#1843,0.150182363935894,0.15);
#26=ELLIPSE('',#1845,0.150731679338771,0.15);
#27=ELLIPSE('',#1847,0.150731679338771,0.15);
#28=ELLIPSE('',#1849,0.150182363935894,0.15);
#29=ELLIPSE('',#1855,0.150731679338771,0.15);
#30=ELLIPSE('',#1857,0.150182363935894,0.15);
#31=ELLIPSE('',#1859,0.150731679338771,0.15);
#32=ELLIPSE('',#1860,0.150182363935894,0.15);
#33=ELLIPSE('',#1864,0.150182363935894,0.15);
#34=ELLIPSE('',#1866,0.150731679338771,0.15);
#35=ELLIPSE('',#1871,0.150731679338771,0.15);
#36=ELLIPSE('',#1872,0.150182363935894,0.15);
#37=DRAUGHTING_PRE_DEFINED_COLOUR('white');
#38=CIRCLE('',#1805,0.149605550540279);
#39=CIRCLE('',#1806,0.149605550540279);
#40=CIRCLE('',#1809,0.145330811662783);
#41=CIRCLE('',#1810,0.145330811662783);
#42=CIRCLE('',#1812,0.0730444633775303);
#43=CIRCLE('',#1813,0.0730444633775303);
#44=CIRCLE('',#1816,0.0149184787595449);
#45=CIRCLE('',#1817,0.0149184787595449);
#46=CIRCLE('',#1823,0.6912739793739);
#47=CIRCLE('',#1838,1.2);
#48=CIRCLE('',#1880,0.149605550540279);
#49=CIRCLE('',#1881,0.145330811662783);
#50=CIRCLE('',#1882,0.0730444633775303);
#51=CIRCLE('',#1883,0.0149184787595449);
#52=CIRCLE('',#1885,0.0149184787595449);
#53=CIRCLE('',#1886,0.0730444633775303);
#54=CIRCLE('',#1887,0.145330811662783);
#55=CIRCLE('',#1888,0.149605550540279);
#56=CYLINDRICAL_SURFACE('',#1804,0.149605550540279);
#57=CYLINDRICAL_SURFACE('',#1808,0.145330811662783);
#58=CYLINDRICAL_SURFACE('',#1811,0.0730444633775303);
#59=CYLINDRICAL_SURFACE('',#1815,0.0149184787595449);
#60=CYLINDRICAL_SURFACE('',#1830,0.15);
#61=CYLINDRICAL_SURFACE('',#1834,0.15);
#62=CYLINDRICAL_SURFACE('',#1842,0.15);
#63=CYLINDRICAL_SURFACE('',#1844,0.15);
#64=CYLINDRICAL_SURFACE('',#1848,0.15);
#65=CYLINDRICAL_SURFACE('',#1850,0.15);
#66=CYLINDRICAL_SURFACE('',#1856,0.15);
#67=CYLINDRICAL_SURFACE('',#1858,0.15);
#68=CYLINDRICAL_SURFACE('',#1863,0.15);
#69=CYLINDRICAL_SURFACE('',#1865,0.15);
#70=CYLINDRICAL_SURFACE('',#1870,0.15);
#71=CYLINDRICAL_SURFACE('',#1875,0.15);
#72=CYLINDRICAL_SURFACE('',#1891,0.149605550540279);
#73=CYLINDRICAL_SURFACE('',#1893,0.145330811662783);
#74=CYLINDRICAL_SURFACE('',#1897,0.0730444633775303);
#75=CYLINDRICAL_SURFACE('',#1899,0.0149184787595449);
#76=ORIENTED_EDGE('',*,*,#452,.T.);
#77=ORIENTED_EDGE('',*,*,#453,.T.);
#78=ORIENTED_EDGE('',*,*,#454,.T.);
#79=ORIENTED_EDGE('',*,*,#455,.T.);
#80=ORIENTED_EDGE('',*,*,#456,.T.);
#81=ORIENTED_EDGE('',*,*,#457,.F.);
#82=ORIENTED_EDGE('',*,*,#453,.F.);
#83=ORIENTED_EDGE('',*,*,#458,.T.);
#84=ORIENTED_EDGE('',*,*,#459,.T.);
#85=ORIENTED_EDGE('',*,*,#460,.F.);
#86=ORIENTED_EDGE('',*,*,#454,.F.);
#87=ORIENTED_EDGE('',*,*,#457,.T.);
#88=ORIENTED_EDGE('',*,*,#461,.T.);
#89=ORIENTED_EDGE('',*,*,#462,.F.);
#90=ORIENTED_EDGE('',*,*,#455,.F.);
#91=ORIENTED_EDGE('',*,*,#460,.T.);
#92=ORIENTED_EDGE('',*,*,#463,.T.);
#93=ORIENTED_EDGE('',*,*,#458,.F.);
#94=ORIENTED_EDGE('',*,*,#452,.F.);
#95=ORIENTED_EDGE('',*,*,#462,.T.);
#96=ORIENTED_EDGE('',*,*,#464,.F.);
#97=ORIENTED_EDGE('',*,*,#465,.F.);
#98=ORIENTED_EDGE('',*,*,#466,.T.);
#99=ORIENTED_EDGE('',*,*,#467,.T.);
#100=ORIENTED_EDGE('',*,*,#468,.F.);
#101=ORIENTED_EDGE('',*,*,#467,.F.);
#102=ORIENTED_EDGE('',*,*,#469,.T.);
#103=ORIENTED_EDGE('',*,*,#470,.T.);
#104=ORIENTED_EDGE('',*,*,#471,.F.);
#105=ORIENTED_EDGE('',*,*,#470,.F.);
#106=ORIENTED_EDGE('',*,*,#472,.T.);
#107=ORIENTED_EDGE('',*,*,#473,.T.);
#108=ORIENTED_EDGE('',*,*,#474,.F.);
#109=ORIENTED_EDGE('',*,*,#475,.F.);
#110=ORIENTED_EDGE('',*,*,#476,.T.);
#111=ORIENTED_EDGE('',*,*,#477,.T.);
#112=ORIENTED_EDGE('',*,*,#478,.F.);
#113=ORIENTED_EDGE('',*,*,#477,.F.);
#114=ORIENTED_EDGE('',*,*,#479,.T.);
#115=ORIENTED_EDGE('',*,*,#480,.T.);
#116=ORIENTED_EDGE('',*,*,#481,.F.);
#117=ORIENTED_EDGE('',*,*,#480,.F.);
#118=ORIENTED_EDGE('',*,*,#482,.T.);
#119=ORIENTED_EDGE('',*,*,#483,.T.);
#120=ORIENTED_EDGE('',*,*,#484,.F.);
#121=ORIENTED_EDGE('',*,*,#473,.F.);
#122=ORIENTED_EDGE('',*,*,#485,.T.);
#123=ORIENTED_EDGE('',*,*,#486,.T.);
#124=ORIENTED_EDGE('',*,*,#487,.F.);
#125=ORIENTED_EDGE('',*,*,#488,.T.);
#126=ORIENTED_EDGE('',*,*,#489,.T.);
#127=ORIENTED_EDGE('',*,*,#475,.T.);
#128=ORIENTED_EDGE('',*,*,#490,.F.);
#129=ORIENTED_EDGE('',*,*,#483,.F.);
#130=ORIENTED_EDGE('',*,*,#491,.T.);
#131=ORIENTED_EDGE('',*,*,#492,.T.);
#132=ORIENTED_EDGE('',*,*,#493,.F.);
#133=ORIENTED_EDGE('',*,*,#494,.F.);
#134=ORIENTED_EDGE('',*,*,#495,.T.);
#135=ORIENTED_EDGE('',*,*,#465,.T.);
#136=ORIENTED_EDGE('',*,*,#496,.F.);
#137=ORIENTED_EDGE('',*,*,#463,.F.);
#138=ORIENTED_EDGE('',*,*,#461,.F.);
#139=ORIENTED_EDGE('',*,*,#459,.F.);
#140=ORIENTED_EDGE('',*,*,#456,.F.);
#141=ORIENTED_EDGE('',*,*,#497,.F.);
#142=ORIENTED_EDGE('',*,*,#498,.F.);
#143=ORIENTED_EDGE('',*,*,#499,.T.);
#144=ORIENTED_EDGE('',*,*,#500,.T.);
#145=ORIENTED_EDGE('',*,*,#501,.F.);
#146=ORIENTED_EDGE('',*,*,#493,.T.);
#147=ORIENTED_EDGE('',*,*,#464,.T.);
#148=ORIENTED_EDGE('',*,*,#468,.T.);
#149=ORIENTED_EDGE('',*,*,#471,.T.);
#150=ORIENTED_EDGE('',*,*,#484,.T.);
#151=ORIENTED_EDGE('',*,*,#502,.T.);
#152=ORIENTED_EDGE('',*,*,#503,.T.);
#153=ORIENTED_EDGE('',*,*,#487,.T.);
#154=ORIENTED_EDGE('',*,*,#474,.T.);
#155=ORIENTED_EDGE('',*,*,#478,.T.);
#156=ORIENTED_EDGE('',*,*,#481,.T.);
#157=ORIENTED_EDGE('',*,*,#490,.T.);
#158=ORIENTED_EDGE('',*,*,#495,.F.);
#159=ORIENTED_EDGE('',*,*,#497,.T.);
#160=ORIENTED_EDGE('',*,*,#491,.F.);
#161=ORIENTED_EDGE('',*,*,#482,.F.);
#162=ORIENTED_EDGE('',*,*,#479,.F.);
#163=ORIENTED_EDGE('',*,*,#476,.F.);
#164=ORIENTED_EDGE('',*,*,#489,.F.);
#165=ORIENTED_EDGE('',*,*,#504,.F.);
#166=ORIENTED_EDGE('',*,*,#505,.F.);
#167=ORIENTED_EDGE('',*,*,#485,.F.);
#168=ORIENTED_EDGE('',*,*,#472,.F.);
#169=ORIENTED_EDGE('',*,*,#469,.F.);
#170=ORIENTED_EDGE('',*,*,#466,.F.);
#171=ORIENTED_EDGE('',*,*,#502,.F.);
#172=ORIENTED_EDGE('',*,*,#486,.F.);
#173=ORIENTED_EDGE('',*,*,#505,.T.);
#174=ORIENTED_EDGE('',*,*,#506,.T.);
#175=ORIENTED_EDGE('',*,*,#507,.F.);
#176=ORIENTED_EDGE('',*,*,#508,.T.);
#177=ORIENTED_EDGE('',*,*,#509,.F.);
#178=ORIENTED_EDGE('',*,*,#510,.F.);
#179=ORIENTED_EDGE('',*,*,#492,.F.);
#180=ORIENTED_EDGE('',*,*,#500,.F.);
#181=ORIENTED_EDGE('',*,*,#511,.F.);
#182=ORIENTED_EDGE('',*,*,#512,.T.);
#183=ORIENTED_EDGE('',*,*,#513,.F.);
#184=ORIENTED_EDGE('',*,*,#488,.F.);
#185=ORIENTED_EDGE('',*,*,#514,.F.);
#186=ORIENTED_EDGE('',*,*,#501,.T.);
#187=ORIENTED_EDGE('',*,*,#510,.T.);
#188=ORIENTED_EDGE('',*,*,#515,.T.);
#189=ORIENTED_EDGE('',*,*,#516,.F.);
#190=ORIENTED_EDGE('',*,*,#517,.F.);
#191=ORIENTED_EDGE('',*,*,#518,.F.);
#192=ORIENTED_EDGE('',*,*,#519,.F.);
#193=ORIENTED_EDGE('',*,*,#520,.T.);
#194=ORIENTED_EDGE('',*,*,#517,.T.);
#195=ORIENTED_EDGE('',*,*,#521,.F.);
#196=ORIENTED_EDGE('',*,*,#522,.T.);
#197=ORIENTED_EDGE('',*,*,#523,.T.);
#198=ORIENTED_EDGE('',*,*,#498,.T.);
#199=ORIENTED_EDGE('',*,*,#494,.T.);
#200=ORIENTED_EDGE('',*,*,#514,.T.);
#201=ORIENTED_EDGE('',*,*,#524,.F.);
#202=ORIENTED_EDGE('',*,*,#525,.F.);
#203=ORIENTED_EDGE('',*,*,#526,.T.);
#204=ORIENTED_EDGE('',*,*,#522,.F.);
#205=ORIENTED_EDGE('',*,*,#496,.T.);
#206=ORIENTED_EDGE('',*,*,#527,.F.);
#207=ORIENTED_EDGE('',*,*,#528,.F.);
#208=ORIENTED_EDGE('',*,*,#529,.T.);
#209=ORIENTED_EDGE('',*,*,#530,.T.);
#210=ORIENTED_EDGE('',*,*,#531,.T.);
#211=ORIENTED_EDGE('',*,*,#532,.T.);
#212=ORIENTED_EDGE('',*,*,#525,.T.);
#213=ORIENTED_EDGE('',*,*,#533,.F.);
#214=ORIENTED_EDGE('',*,*,#534,.F.);
#215=ORIENTED_EDGE('',*,*,#519,.T.);
#216=ORIENTED_EDGE('',*,*,#535,.T.);
#217=ORIENTED_EDGE('',*,*,#536,.T.);
#218=ORIENTED_EDGE('',*,*,#537,.T.);
#219=ORIENTED_EDGE('',*,*,#538,.T.);
#220=ORIENTED_EDGE('',*,*,#539,.F.);
#221=ORIENTED_EDGE('',*,*,#531,.F.);
#222=ORIENTED_EDGE('',*,*,#540,.T.);
#223=ORIENTED_EDGE('',*,*,#541,.T.);
#224=ORIENTED_EDGE('',*,*,#542,.T.);
#225=ORIENTED_EDGE('',*,*,#499,.F.);
#226=ORIENTED_EDGE('',*,*,#523,.F.);
#227=ORIENTED_EDGE('',*,*,#526,.F.);
#228=ORIENTED_EDGE('',*,*,#532,.F.);
#229=ORIENTED_EDGE('',*,*,#542,.F.);
#230=ORIENTED_EDGE('',*,*,#543,.T.);
#231=ORIENTED_EDGE('',*,*,#544,.T.);
#232=ORIENTED_EDGE('',*,*,#511,.T.);
#233=ORIENTED_EDGE('',*,*,#545,.F.);
#234=ORIENTED_EDGE('',*,*,#512,.F.);
#235=ORIENTED_EDGE('',*,*,#544,.F.);
#236=ORIENTED_EDGE('',*,*,#546,.F.);
#237=ORIENTED_EDGE('',*,*,#506,.F.);
#238=ORIENTED_EDGE('',*,*,#504,.T.);
#239=ORIENTED_EDGE('',*,*,#513,.T.);
#240=ORIENTED_EDGE('',*,*,#545,.T.);
#241=ORIENTED_EDGE('',*,*,#547,.T.);
#242=ORIENTED_EDGE('',*,*,#548,.T.);
#243=ORIENTED_EDGE('',*,*,#549,.T.);
#244=ORIENTED_EDGE('',*,*,#550,.T.);
#245=ORIENTED_EDGE('',*,*,#507,.T.);
#246=ORIENTED_EDGE('',*,*,#503,.F.);
#247=ORIENTED_EDGE('',*,*,#550,.F.);
#248=ORIENTED_EDGE('',*,*,#551,.F.);
#249=ORIENTED_EDGE('',*,*,#552,.T.);
#250=ORIENTED_EDGE('',*,*,#508,.F.);
#251=ORIENTED_EDGE('',*,*,#515,.F.);
#252=ORIENTED_EDGE('',*,*,#509,.T.);
#253=ORIENTED_EDGE('',*,*,#552,.F.);
#254=ORIENTED_EDGE('',*,*,#553,.T.);
#255=ORIENTED_EDGE('',*,*,#554,.F.);
#256=ORIENTED_EDGE('',*,*,#535,.F.);
#257=ORIENTED_EDGE('',*,*,#518,.T.);
#258=ORIENTED_EDGE('',*,*,#520,.F.);
#259=ORIENTED_EDGE('',*,*,#536,.F.);
#260=ORIENTED_EDGE('',*,*,#554,.T.);
#261=ORIENTED_EDGE('',*,*,#555,.T.);
#262=ORIENTED_EDGE('',*,*,#556,.T.);
#263=ORIENTED_EDGE('',*,*,#557,.F.);
#264=ORIENTED_EDGE('',*,*,#558,.T.);
#265=ORIENTED_EDGE('',*,*,#559,.F.);
#266=ORIENTED_EDGE('',*,*,#560,.F.);
#267=ORIENTED_EDGE('',*,*,#561,.T.);
#268=ORIENTED_EDGE('',*,*,#548,.F.);
#269=ORIENTED_EDGE('',*,*,#562,.T.);
#270=ORIENTED_EDGE('',*,*,#560,.T.);
#271=ORIENTED_EDGE('',*,*,#527,.T.);
#272=ORIENTED_EDGE('',*,*,#534,.T.);
#273=ORIENTED_EDGE('',*,*,#563,.T.);
#274=ORIENTED_EDGE('',*,*,#564,.T.);
#275=ORIENTED_EDGE('',*,*,#565,.T.);
#276=ORIENTED_EDGE('',*,*,#528,.T.);
#277=ORIENTED_EDGE('',*,*,#524,.T.);
#278=ORIENTED_EDGE('',*,*,#521,.T.);
#279=ORIENTED_EDGE('',*,*,#516,.T.);
#280=ORIENTED_EDGE('',*,*,#565,.F.);
#281=ORIENTED_EDGE('',*,*,#566,.F.);
#282=ORIENTED_EDGE('',*,*,#567,.T.);
#283=ORIENTED_EDGE('',*,*,#529,.F.);
#284=ORIENTED_EDGE('',*,*,#568,.F.);
#285=ORIENTED_EDGE('',*,*,#569,.T.);
#286=ORIENTED_EDGE('',*,*,#538,.F.);
#287=ORIENTED_EDGE('',*,*,#570,.F.);
#288=ORIENTED_EDGE('',*,*,#539,.T.);
#289=ORIENTED_EDGE('',*,*,#569,.F.);
#290=ORIENTED_EDGE('',*,*,#571,.T.);
#291=ORIENTED_EDGE('',*,*,#572,.F.);
#292=ORIENTED_EDGE('',*,*,#533,.T.);
#293=ORIENTED_EDGE('',*,*,#572,.T.);
#294=ORIENTED_EDGE('',*,*,#573,.T.);
#295=ORIENTED_EDGE('',*,*,#563,.F.);
#296=ORIENTED_EDGE('',*,*,#540,.F.);
#297=ORIENTED_EDGE('',*,*,#530,.F.);
#298=ORIENTED_EDGE('',*,*,#567,.F.);
#299=ORIENTED_EDGE('',*,*,#574,.F.);
#300=ORIENTED_EDGE('',*,*,#575,.F.);
#301=ORIENTED_EDGE('',*,*,#576,.T.);
#302=ORIENTED_EDGE('',*,*,#577,.T.);
#303=ORIENTED_EDGE('',*,*,#578,.T.);
#304=ORIENTED_EDGE('',*,*,#579,.F.);
#305=ORIENTED_EDGE('',*,*,#580,.F.);
#306=ORIENTED_EDGE('',*,*,#577,.F.);
#307=ORIENTED_EDGE('',*,*,#581,.F.);
#308=ORIENTED_EDGE('',*,*,#562,.F.);
#309=ORIENTED_EDGE('',*,*,#547,.F.);
#310=ORIENTED_EDGE('',*,*,#546,.T.);
#311=ORIENTED_EDGE('',*,*,#543,.F.);
#312=ORIENTED_EDGE('',*,*,#541,.F.);
#313=ORIENTED_EDGE('',*,*,#578,.F.);
#314=ORIENTED_EDGE('',*,*,#580,.T.);
#315=ORIENTED_EDGE('',*,*,#582,.F.);
#316=ORIENTED_EDGE('',*,*,#583,.F.);
#317=ORIENTED_EDGE('',*,*,#557,.T.);
#318=ORIENTED_EDGE('',*,*,#584,.T.);
#319=ORIENTED_EDGE('',*,*,#558,.F.);
#320=ORIENTED_EDGE('',*,*,#583,.T.);
#321=ORIENTED_EDGE('',*,*,#585,.T.);
#322=ORIENTED_EDGE('',*,*,#561,.F.);
#323=ORIENTED_EDGE('',*,*,#559,.T.);
#324=ORIENTED_EDGE('',*,*,#584,.F.);
#325=ORIENTED_EDGE('',*,*,#586,.F.);
#326=ORIENTED_EDGE('',*,*,#587,.T.);
#327=ORIENTED_EDGE('',*,*,#588,.F.);
#328=ORIENTED_EDGE('',*,*,#555,.F.);
#329=ORIENTED_EDGE('',*,*,#553,.F.);
#330=ORIENTED_EDGE('',*,*,#551,.T.);
#331=ORIENTED_EDGE('',*,*,#549,.F.);
#332=ORIENTED_EDGE('',*,*,#589,.F.);
#333=ORIENTED_EDGE('',*,*,#590,.F.);
#334=ORIENTED_EDGE('',*,*,#591,.T.);
#335=ORIENTED_EDGE('',*,*,#587,.F.);
#336=ORIENTED_EDGE('',*,*,#592,.F.);
#337=ORIENTED_EDGE('',*,*,#581,.T.);
#338=ORIENTED_EDGE('',*,*,#576,.F.);
#339=ORIENTED_EDGE('',*,*,#593,.F.);
#340=ORIENTED_EDGE('',*,*,#594,.F.);
#341=ORIENTED_EDGE('',*,*,#595,.F.);
#342=ORIENTED_EDGE('',*,*,#596,.F.);
#343=ORIENTED_EDGE('',*,*,#590,.T.);
#344=ORIENTED_EDGE('',*,*,#597,.F.);
#345=ORIENTED_EDGE('',*,*,#598,.F.);
#346=ORIENTED_EDGE('',*,*,#599,.F.);
#347=ORIENTED_EDGE('',*,*,#600,.T.);
#348=ORIENTED_EDGE('',*,*,#601,.T.);
#349=ORIENTED_EDGE('',*,*,#597,.T.);
#350=ORIENTED_EDGE('',*,*,#589,.T.);
#351=ORIENTED_EDGE('',*,*,#586,.T.);
#352=ORIENTED_EDGE('',*,*,#585,.F.);
#353=ORIENTED_EDGE('',*,*,#582,.T.);
#354=ORIENTED_EDGE('',*,*,#579,.T.);
#355=ORIENTED_EDGE('',*,*,#592,.T.);
#356=ORIENTED_EDGE('',*,*,#556,.F.);
#357=ORIENTED_EDGE('',*,*,#588,.T.);
#358=ORIENTED_EDGE('',*,*,#591,.F.);
#359=ORIENTED_EDGE('',*,*,#596,.T.);
#360=ORIENTED_EDGE('',*,*,#602,.F.);
#361=ORIENTED_EDGE('',*,*,#603,.F.);
#362=ORIENTED_EDGE('',*,*,#570,.T.);
#363=ORIENTED_EDGE('',*,*,#537,.F.);
#364=ORIENTED_EDGE('',*,*,#573,.F.);
#365=ORIENTED_EDGE('',*,*,#571,.F.);
#366=ORIENTED_EDGE('',*,*,#568,.T.);
#367=ORIENTED_EDGE('',*,*,#603,.T.);
#368=ORIENTED_EDGE('',*,*,#604,.T.);
#369=ORIENTED_EDGE('',*,*,#605,.T.);
#370=ORIENTED_EDGE('',*,*,#606,.T.);
#371=ORIENTED_EDGE('',*,*,#574,.T.);
#372=ORIENTED_EDGE('',*,*,#566,.T.);
#373=ORIENTED_EDGE('',*,*,#564,.F.);
#374=ORIENTED_EDGE('',*,*,#607,.F.);
#375=ORIENTED_EDGE('',*,*,#604,.F.);
#376=ORIENTED_EDGE('',*,*,#602,.T.);
#377=ORIENTED_EDGE('',*,*,#595,.T.);
#378=ORIENTED_EDGE('',*,*,#606,.F.);
#379=ORIENTED_EDGE('',*,*,#608,.T.);
#380=ORIENTED_EDGE('',*,*,#593,.T.);
#381=ORIENTED_EDGE('',*,*,#575,.T.);
#382=ORIENTED_EDGE('',*,*,#609,.T.);
#383=ORIENTED_EDGE('',*,*,#610,.T.);
#384=ORIENTED_EDGE('',*,*,#611,.T.);
#385=ORIENTED_EDGE('',*,*,#612,.T.);
#386=ORIENTED_EDGE('',*,*,#613,.T.);
#387=ORIENTED_EDGE('',*,*,#614,.T.);
#388=ORIENTED_EDGE('',*,*,#599,.T.);
#389=ORIENTED_EDGE('',*,*,#615,.T.);
#390=ORIENTED_EDGE('',*,*,#616,.T.);
#391=ORIENTED_EDGE('',*,*,#617,.T.);
#392=ORIENTED_EDGE('',*,*,#618,.T.);
#393=ORIENTED_EDGE('',*,*,#619,.T.);
#394=ORIENTED_EDGE('',*,*,#608,.F.);
#395=ORIENTED_EDGE('',*,*,#607,.T.);
#396=ORIENTED_EDGE('',*,*,#620,.F.);
#397=ORIENTED_EDGE('',*,*,#621,.F.);
#398=ORIENTED_EDGE('',*,*,#622,.F.);
#399=ORIENTED_EDGE('',*,*,#623,.F.);
#400=ORIENTED_EDGE('',*,*,#624,.F.);
#401=ORIENTED_EDGE('',*,*,#601,.F.);
#402=ORIENTED_EDGE('',*,*,#625,.F.);
#403=ORIENTED_EDGE('',*,*,#626,.F.);
#404=ORIENTED_EDGE('',*,*,#627,.F.);
#405=ORIENTED_EDGE('',*,*,#628,.F.);
#406=ORIENTED_EDGE('',*,*,#629,.F.);
#407=ORIENTED_EDGE('',*,*,#630,.F.);
#408=ORIENTED_EDGE('',*,*,#620,.T.);
#409=ORIENTED_EDGE('',*,*,#594,.T.);
#410=ORIENTED_EDGE('',*,*,#619,.F.);
#411=ORIENTED_EDGE('',*,*,#631,.T.);
#412=ORIENTED_EDGE('',*,*,#630,.T.);
#413=ORIENTED_EDGE('',*,*,#632,.F.);
#414=ORIENTED_EDGE('',*,*,#609,.F.);
#415=ORIENTED_EDGE('',*,*,#605,.F.);
#416=ORIENTED_EDGE('',*,*,#629,.T.);
#417=ORIENTED_EDGE('',*,*,#633,.F.);
#418=ORIENTED_EDGE('',*,*,#610,.F.);
#419=ORIENTED_EDGE('',*,*,#632,.T.);
#420=ORIENTED_EDGE('',*,*,#628,.T.);
#421=ORIENTED_EDGE('',*,*,#634,.F.);
#422=ORIENTED_EDGE('',*,*,#611,.F.);
#423=ORIENTED_EDGE('',*,*,#633,.T.);
#424=ORIENTED_EDGE('',*,*,#627,.T.);
#425=ORIENTED_EDGE('',*,*,#635,.F.);
#426=ORIENTED_EDGE('',*,*,#612,.F.);
#427=ORIENTED_EDGE('',*,*,#634,.T.);
#428=ORIENTED_EDGE('',*,*,#626,.T.);
#429=ORIENTED_EDGE('',*,*,#636,.F.);
#430=ORIENTED_EDGE('',*,*,#613,.F.);
#431=ORIENTED_EDGE('',*,*,#635,.T.);
#432=ORIENTED_EDGE('',*,*,#625,.T.);
#433=ORIENTED_EDGE('',*,*,#600,.F.);
#434=ORIENTED_EDGE('',*,*,#614,.F.);
#435=ORIENTED_EDGE('',*,*,#636,.T.);
#436=ORIENTED_EDGE('',*,*,#624,.T.);
#437=ORIENTED_EDGE('',*,*,#637,.F.);
#438=ORIENTED_EDGE('',*,*,#615,.F.);
#439=ORIENTED_EDGE('',*,*,#598,.T.);
#440=ORIENTED_EDGE('',*,*,#623,.T.);
#441=ORIENTED_EDGE('',*,*,#638,.F.);
#442=ORIENTED_EDGE('',*,*,#616,.F.);
#443=ORIENTED_EDGE('',*,*,#637,.T.);
#444=ORIENTED_EDGE('',*,*,#622,.T.);
#445=ORIENTED_EDGE('',*,*,#639,.F.);
#446=ORIENTED_EDGE('',*,*,#617,.F.);
#447=ORIENTED_EDGE('',*,*,#638,.T.);
#448=ORIENTED_EDGE('',*,*,#621,.T.);
#449=ORIENTED_EDGE('',*,*,#631,.F.);
#450=ORIENTED_EDGE('',*,*,#618,.F.);
#451=ORIENTED_EDGE('',*,*,#639,.T.);
#452=EDGE_CURVE('',#640,#641,#762,.T.);
#453=EDGE_CURVE('',#641,#642,#763,.T.);
#454=EDGE_CURVE('',#642,#643,#764,.T.);
#455=EDGE_CURVE('',#643,#640,#765,.T.);
#456=EDGE_CURVE('',#644,#645,#766,.T.);
#457=EDGE_CURVE('',#642,#645,#767,.T.);
#458=EDGE_CURVE('',#641,#644,#768,.T.);
#459=EDGE_CURVE('',#645,#646,#769,.T.);
#460=EDGE_CURVE('',#643,#646,#770,.T.);
#461=EDGE_CURVE('',#646,#647,#771,.T.);
#462=EDGE_CURVE('',#640,#647,#772,.T.);
#463=EDGE_CURVE('',#647,#644,#773,.T.);
#464=EDGE_CURVE('',#648,#649,#38,.T.);
#465=EDGE_CURVE('',#650,#648,#774,.T.);
#466=EDGE_CURVE('',#650,#651,#39,.T.);
#467=EDGE_CURVE('',#651,#649,#775,.T.);
#468=EDGE_CURVE('',#649,#652,#776,.T.);
#469=EDGE_CURVE('',#651,#653,#777,.T.);
#470=EDGE_CURVE('',#653,#652,#778,.T.);
#471=EDGE_CURVE('',#652,#654,#40,.T.);
#472=EDGE_CURVE('',#653,#655,#41,.T.);
#473=EDGE_CURVE('',#655,#654,#779,.T.);
#474=EDGE_CURVE('',#656,#657,#42,.T.);
#475=EDGE_CURVE('',#658,#656,#780,.T.);
#476=EDGE_CURVE('',#658,#659,#43,.T.);
#477=EDGE_CURVE('',#659,#657,#781,.T.);
#478=EDGE_CURVE('',#657,#660,#782,.T.);
#479=EDGE_CURVE('',#659,#661,#783,.T.);
#480=EDGE_CURVE('',#661,#660,#784,.T.);
#481=EDGE_CURVE('',#660,#662,#44,.T.);
#482=EDGE_CURVE('',#661,#663,#45,.T.);
#483=EDGE_CURVE('',#663,#662,#785,.T.);
#484=EDGE_CURVE('',#654,#664,#786,.T.);
#485=EDGE_CURVE('',#655,#665,#787,.T.);
#486=EDGE_CURVE('',#665,#664,#788,.T.);
#487=EDGE_CURVE('',#666,#656,#789,.T.);
#488=EDGE_CURVE('',#666,#667,#790,.T.);
#489=EDGE_CURVE('',#667,#658,#791,.T.);
#490=EDGE_CURVE('',#662,#668,#792,.T.);
#491=EDGE_CURVE('',#663,#669,#793,.T.);
#492=EDGE_CURVE('',#669,#668,#794,.T.);
#493=EDGE_CURVE('',#670,#648,#795,.T.);
#494=EDGE_CURVE('',#671,#670,#796,.T.);
#495=EDGE_CURVE('',#671,#650,#797,.T.);
#496=EDGE_CURVE('',#672,#672,#46,.T.);
#497=EDGE_CURVE('',#671,#669,#798,.T.);
#498=EDGE_CURVE('',#673,#671,#799,.T.);
#499=EDGE_CURVE('',#673,#674,#800,.T.);
#500=EDGE_CURVE('',#674,#669,#801,.T.);
#501=EDGE_CURVE('',#670,#668,#802,.T.);
#502=EDGE_CURVE('',#664,#675,#803,.T.);
#503=EDGE_CURVE('',#675,#666,#804,.T.);
#504=EDGE_CURVE('',#676,#667,#805,.T.);
#505=EDGE_CURVE('',#665,#676,#806,.T.);
#506=EDGE_CURVE('',#676,#675,#807,.T.);
#507=EDGE_CURVE('',#677,#666,#808,.T.);
#508=EDGE_CURVE('',#677,#678,#809,.T.);
#509=EDGE_CURVE('',#679,#678,#810,.T.);
#510=EDGE_CURVE('',#668,#679,#811,.T.);
#511=EDGE_CURVE('',#680,#674,#812,.T.);
#512=EDGE_CURVE('',#680,#681,#813,.F.);
#513=EDGE_CURVE('',#667,#681,#814,.T.);
#514=EDGE_CURVE('',#670,#682,#815,.T.);
#515=EDGE_CURVE('',#679,#682,#816,.F.);
#516=EDGE_CURVE('',#683,#684,#21,.T.);
#517=EDGE_CURVE('',#685,#683,#817,.T.);
#518=EDGE_CURVE('',#686,#685,#22,.T.);
#519=EDGE_CURVE('',#684,#686,#818,.F.);
#520=EDGE_CURVE('',#682,#685,#819,.T.);
#521=EDGE_CURVE('',#687,#683,#820,.F.);
#522=EDGE_CURVE('',#687,#688,#821,.F.);
#523=EDGE_CURVE('',#688,#673,#822,.T.);
#524=EDGE_CURVE('',#689,#687,#23,.T.);
#525=EDGE_CURVE('',#690,#689,#823,.T.);
#526=EDGE_CURVE('',#690,#688,#24,.F.);
#527=EDGE_CURVE('',#691,#691,#47,.T.);
#528=EDGE_CURVE('',#692,#689,#824,.F.);
#529=EDGE_CURVE('',#692,#693,#825,.F.);
#530=EDGE_CURVE('',#693,#694,#826,.T.);
#531=EDGE_CURVE('',#694,#695,#827,.T.);
#532=EDGE_CURVE('',#695,#690,#828,.T.);
#533=EDGE_CURVE('',#696,#697,#829,.F.);
#534=EDGE_CURVE('',#684,#696,#830,.F.);
#535=EDGE_CURVE('',#686,#698,#831,.T.);
#536=EDGE_CURVE('',#698,#699,#832,.T.);
#537=EDGE_CURVE('',#699,#700,#833,.T.);
#538=EDGE_CURVE('',#700,#701,#834,.T.);
#539=EDGE_CURVE('',#697,#701,#835,.F.);
#540=EDGE_CURVE('',#694,#702,#836,.T.);
#541=EDGE_CURVE('',#702,#703,#837,.T.);
#542=EDGE_CURVE('',#703,#695,#838,.F.);
#543=EDGE_CURVE('',#703,#704,#839,.T.);
#544=EDGE_CURVE('',#704,#680,#25,.T.);
#545=EDGE_CURVE('',#681,#705,#26,.F.);
#546=EDGE_CURVE('',#705,#704,#840,.T.);
#547=EDGE_CURVE('',#705,#706,#841,.T.);
#548=EDGE_CURVE('',#706,#707,#842,.T.);
#549=EDGE_CURVE('',#707,#708,#843,.T.);
#550=EDGE_CURVE('',#708,#677,#27,.F.);
#551=EDGE_CURVE('',#709,#708,#844,.F.);
#552=EDGE_CURVE('',#709,#678,#28,.T.);
#553=EDGE_CURVE('',#709,#710,#845,.T.);
#554=EDGE_CURVE('',#698,#710,#846,.T.);
#555=EDGE_CURVE('',#710,#711,#847,.T.);
#556=EDGE_CURVE('',#711,#699,#848,.F.);
#557=EDGE_CURVE('',#712,#713,#849,.T.);
#558=EDGE_CURVE('',#712,#714,#850,.T.);
#559=EDGE_CURVE('',#715,#714,#851,.T.);
#560=EDGE_CURVE('',#713,#715,#852,.T.);
#561=EDGE_CURVE('',#715,#707,#853,.T.);
#562=EDGE_CURVE('',#706,#713,#854,.T.);
#563=EDGE_CURVE('',#696,#716,#855,.T.);
#564=EDGE_CURVE('',#716,#717,#856,.F.);
#565=EDGE_CURVE('',#717,#692,#29,.T.);
#566=EDGE_CURVE('',#718,#717,#857,.T.);
#567=EDGE_CURVE('',#718,#693,#30,.F.);
#568=EDGE_CURVE('',#719,#720,#858,.F.);
#569=EDGE_CURVE('',#719,#701,#31,.F.);
#570=EDGE_CURVE('',#720,#700,#32,.T.);
#571=EDGE_CURVE('',#719,#721,#859,.F.);
#572=EDGE_CURVE('',#697,#721,#860,.T.);
#573=EDGE_CURVE('',#721,#716,#861,.F.);
#574=EDGE_CURVE('',#722,#718,#862,.T.);
#575=EDGE_CURVE('',#723,#722,#863,.F.);
#576=EDGE_CURVE('',#723,#724,#864,.T.);
#577=EDGE_CURVE('',#724,#725,#33,.T.);
#578=EDGE_CURVE('',#725,#702,#865,.T.);
#579=EDGE_CURVE('',#726,#727,#34,.F.);
#580=EDGE_CURVE('',#725,#726,#866,.F.);
#581=EDGE_CURVE('',#727,#724,#867,.T.);
#582=EDGE_CURVE('',#728,#726,#868,.T.);
#583=EDGE_CURVE('',#712,#728,#869,.T.);
#584=EDGE_CURVE('',#729,#714,#870,.T.);
#585=EDGE_CURVE('',#728,#729,#871,.T.);
#586=EDGE_CURVE('',#730,#729,#872,.T.);
#587=EDGE_CURVE('',#730,#731,#873,.T.);
#588=EDGE_CURVE('',#711,#731,#874,.T.);
#589=EDGE_CURVE('',#732,#730,#35,.F.);
#590=EDGE_CURVE('',#733,#732,#875,.F.);
#591=EDGE_CURVE('',#733,#731,#36,.T.);
#592=EDGE_CURVE('',#727,#734,#876,.T.);
#593=EDGE_CURVE('',#735,#723,#877,.T.);
#594=EDGE_CURVE('',#736,#735,#878,.T.);
#595=EDGE_CURVE('',#737,#736,#879,.T.);
#596=EDGE_CURVE('',#733,#737,#880,.T.);
#597=EDGE_CURVE('',#738,#732,#881,.T.);
#598=EDGE_CURVE('',#734,#738,#882,.T.);
#599=EDGE_CURVE('',#739,#734,#883,.T.);
#600=EDGE_CURVE('',#739,#740,#884,.T.);
#601=EDGE_CURVE('',#740,#738,#885,.T.);
#602=EDGE_CURVE('',#741,#737,#886,.T.);
#603=EDGE_CURVE('',#720,#741,#887,.T.);
#604=EDGE_CURVE('',#741,#742,#888,.T.);
#605=EDGE_CURVE('',#742,#743,#889,.T.);
#606=EDGE_CURVE('',#743,#722,#890,.T.);
#607=EDGE_CURVE('',#742,#736,#891,.T.);
#608=EDGE_CURVE('',#743,#735,#892,.T.);
#609=EDGE_CURVE('',#743,#744,#893,.T.);
#610=EDGE_CURVE('',#744,#745,#48,.T.);
#611=EDGE_CURVE('',#745,#746,#894,.T.);
#612=EDGE_CURVE('',#746,#747,#49,.T.);
#613=EDGE_CURVE('',#747,#748,#895,.T.);
#614=EDGE_CURVE('',#748,#739,#896,.T.);
#615=EDGE_CURVE('',#734,#749,#897,.T.);
#616=EDGE_CURVE('',#749,#750,#50,.T.);
#617=EDGE_CURVE('',#750,#751,#898,.T.);
#618=EDGE_CURVE('',#751,#752,#51,.T.);
#619=EDGE_CURVE('',#752,#735,#899,.T.);
#620=EDGE_CURVE('',#753,#736,#900,.T.);
#621=EDGE_CURVE('',#754,#753,#52,.T.);
#622=EDGE_CURVE('',#755,#754,#901,.T.);
#623=EDGE_CURVE('',#756,#755,#53,.T.);
#624=EDGE_CURVE('',#738,#756,#902,.T.);
#625=EDGE_CURVE('',#757,#740,#903,.T.);
#626=EDGE_CURVE('',#758,#757,#904,.T.);
#627=EDGE_CURVE('',#759,#758,#54,.T.);
#628=EDGE_CURVE('',#760,#759,#905,.T.);
#629=EDGE_CURVE('',#761,#760,#55,.T.);
#630=EDGE_CURVE('',#742,#761,#906,.T.);
#631=EDGE_CURVE('',#752,#753,#907,.T.);
#632=EDGE_CURVE('',#744,#761,#908,.T.);
#633=EDGE_CURVE('',#745,#760,#909,.T.);
#634=EDGE_CURVE('',#746,#759,#910,.T.);
#635=EDGE_CURVE('',#747,#758,#911,.T.);
#636=EDGE_CURVE('',#748,#757,#912,.T.);
#637=EDGE_CURVE('',#749,#756,#913,.T.);
#638=EDGE_CURVE('',#750,#755,#914,.T.);
#639=EDGE_CURVE('',#751,#754,#915,.T.);
#640=VERTEX_POINT('',#2261);
#641=VERTEX_POINT('',#2262);
#642=VERTEX_POINT('',#2264);
#643=VERTEX_POINT('',#2266);
#644=VERTEX_POINT('',#2270);
#645=VERTEX_POINT('',#2271);
#646=VERTEX_POINT('',#2276);
#647=VERTEX_POINT('',#2280);
#648=VERTEX_POINT('',#2286);
#649=VERTEX_POINT('',#2287);
#650=VERTEX_POINT('',#2289);
#651=VERTEX_POINT('',#2291);
#652=VERTEX_POINT('',#2295);
#653=VERTEX_POINT('',#2297);
#654=VERTEX_POINT('',#2301);
#655=VERTEX_POINT('',#2303);
#656=VERTEX_POINT('',#2307);
#657=VERTEX_POINT('',#2308);
#658=VERTEX_POINT('',#2310);
#659=VERTEX_POINT('',#2312);
#660=VERTEX_POINT('',#2316);
#661=VERTEX_POINT('',#2318);
#662=VERTEX_POINT('',#2322);
#663=VERTEX_POINT('',#2324);
#664=VERTEX_POINT('',#2328);
#665=VERTEX_POINT('',#2330);
#666=VERTEX_POINT('',#2334);
#667=VERTEX_POINT('',#2336);
#668=VERTEX_POINT('',#2340);
#669=VERTEX_POINT('',#2342);
#670=VERTEX_POINT('',#2346);
#671=VERTEX_POINT('',#2348);
#672=VERTEX_POINT('',#2352);
#673=VERTEX_POINT('',#2356);
#674=VERTEX_POINT('',#2358);
#675=VERTEX_POINT('',#2363);
#676=VERTEX_POINT('',#2367);
#677=VERTEX_POINT('',#2373);
#678=VERTEX_POINT('',#2375);
#679=VERTEX_POINT('',#2377);
#680=VERTEX_POINT('',#2380);
#681=VERTEX_POINT('',#2382);
#682=VERTEX_POINT('',#2386);
#683=VERTEX_POINT('',#2390);
#684=VERTEX_POINT('',#2391);
#685=VERTEX_POINT('',#2393);
#686=VERTEX_POINT('',#2395);
#687=VERTEX_POINT('',#2400);
#688=VERTEX_POINT('',#2402);
#689=VERTEX_POINT('',#2406);
#690=VERTEX_POINT('',#2408);
#691=VERTEX_POINT('',#2412);
#692=VERTEX_POINT('',#2415);
#693=VERTEX_POINT('',#2417);
#694=VERTEX_POINT('',#2419);
#695=VERTEX_POINT('',#2421);
#696=VERTEX_POINT('',#2425);
#697=VERTEX_POINT('',#2426);
#698=VERTEX_POINT('',#2429);
#699=VERTEX_POINT('',#2431);
#700=VERTEX_POINT('',#2433);
#701=VERTEX_POINT('',#2435);
#702=VERTEX_POINT('',#2439);
#703=VERTEX_POINT('',#2441);
#704=VERTEX_POINT('',#2445);
#705=VERTEX_POINT('',#2449);
#706=VERTEX_POINT('',#2453);
#707=VERTEX_POINT('',#2455);
#708=VERTEX_POINT('',#2457);
#709=VERTEX_POINT('',#2461);
#710=VERTEX_POINT('',#2465);
#711=VERTEX_POINT('',#2469);
#712=VERTEX_POINT('',#2473);
#713=VERTEX_POINT('',#2474);
#714=VERTEX_POINT('',#2476);
#715=VERTEX_POINT('',#2478);
#716=VERTEX_POINT('',#2485);
#717=VERTEX_POINT('',#2487);
#718=VERTEX_POINT('',#2491);
#719=VERTEX_POINT('',#2495);
#720=VERTEX_POINT('',#2496);
#721=VERTEX_POINT('',#2501);
#722=VERTEX_POINT('',#2507);
#723=VERTEX_POINT('',#2509);
#724=VERTEX_POINT('',#2511);
#725=VERTEX_POINT('',#2513);
#726=VERTEX_POINT('',#2517);
#727=VERTEX_POINT('',#2518);
#728=VERTEX_POINT('',#2523);
#729=VERTEX_POINT('',#2527);
#730=VERTEX_POINT('',#2531);
#731=VERTEX_POINT('',#2533);
#732=VERTEX_POINT('',#2537);
#733=VERTEX_POINT('',#2539);
#734=VERTEX_POINT('',#2543);
#735=VERTEX_POINT('',#2545);
#736=VERTEX_POINT('',#2547);
#737=VERTEX_POINT('',#2549);
#738=VERTEX_POINT('',#2552);
#739=VERTEX_POINT('',#2556);
#740=VERTEX_POINT('',#2558);
#741=VERTEX_POINT('',#2562);
#742=VERTEX_POINT('',#2566);
#743=VERTEX_POINT('',#2568);
#744=VERTEX_POINT('',#2576);
#745=VERTEX_POINT('',#2578);
#746=VERTEX_POINT('',#2580);
#747=VERTEX_POINT('',#2582);
#748=VERTEX_POINT('',#2584);
#749=VERTEX_POINT('',#2587);
#750=VERTEX_POINT('',#2589);
#751=VERTEX_POINT('',#2591);
#752=VERTEX_POINT('',#2593);
#753=VERTEX_POINT('',#2597);
#754=VERTEX_POINT('',#2599);
#755=VERTEX_POINT('',#2601);
#756=VERTEX_POINT('',#2603);
#757=VERTEX_POINT('',#2606);
#758=VERTEX_POINT('',#2608);
#759=VERTEX_POINT('',#2610);
#760=VERTEX_POINT('',#2612);
#761=VERTEX_POINT('',#2614);
#762=LINE('',#2260,#916);
#763=LINE('',#2263,#917);
#764=LINE('',#2265,#918);
#765=LINE('',#2267,#919);
#766=LINE('',#2269,#920);
#767=LINE('',#2272,#921);
#768=LINE('',#2273,#922);
#769=LINE('',#2275,#923);
#770=LINE('',#2277,#924);
#771=LINE('',#2279,#925);
#772=LINE('',#2281,#926);
#773=LINE('',#2283,#927);
#774=LINE('',#2288,#928);
#775=LINE('',#2292,#929);
#776=LINE('',#2294,#930);
#777=LINE('',#2296,#931);
#778=LINE('',#2298,#932);
#779=LINE('',#2304,#933);
#780=LINE('',#2309,#934);
#781=LINE('',#2313,#935);
#782=LINE('',#2315,#936);
#783=LINE('',#2317,#937);
#784=LINE('',#2319,#938);
#785=LINE('',#2325,#939);
#786=LINE('',#2327,#940);
#787=LINE('',#2329,#941);
#788=LINE('',#2331,#942);
#789=LINE('',#2333,#943);
#790=LINE('',#2335,#944);
#791=LINE('',#2337,#945);
#792=LINE('',#2339,#946);
#793=LINE('',#2341,#947);
#794=LINE('',#2343,#948);
#795=LINE('',#2345,#949);
#796=LINE('',#2347,#950);
#797=LINE('',#2349,#951);
#798=LINE('',#2354,#952);
#799=LINE('',#2355,#953);
#800=LINE('',#2357,#954);
#801=LINE('',#2359,#955);
#802=LINE('',#2361,#956);
#803=LINE('',#2362,#957);
#804=LINE('',#2364,#958);
#805=LINE('',#2366,#959);
#806=LINE('',#2368,#960);
#807=LINE('',#2370,#961);
#808=LINE('',#2372,#962);
#809=LINE('',#2374,#963);
#810=LINE('',#2376,#964);
#811=LINE('',#2378,#965);
#812=LINE('',#2379,#966);
#813=LINE('',#2381,#967);
#814=LINE('',#2383,#968);
#815=LINE('',#2385,#969);
#816=LINE('',#2387,#970);
#817=LINE('',#2392,#971);
#818=LINE('',#2396,#972);
#819=LINE('',#2398,#973);
#820=LINE('',#2399,#974);
#821=LINE('',#2401,#975);
#822=LINE('',#2403,#976);
#823=LINE('',#2407,#977);
#824=LINE('',#2414,#978);
#825=LINE('',#2416,#979);
#826=LINE('',#2418,#980);
#827=LINE('',#2420,#981);
#828=LINE('',#2422,#982);
#829=LINE('',#2424,#983);
#830=LINE('',#2427,#984);
#831=LINE('',#2428,#985);
#832=LINE('',#2430,#986);
#833=LINE('',#2432,#987);
#834=LINE('',#2434,#988);
#835=LINE('',#2436,#989);
#836=LINE('',#2438,#990);
#837=LINE('',#2440,#991);
#838=LINE('',#2442,#992);
#839=LINE('',#2444,#993);
#840=LINE('',#2450,#994);
#841=LINE('',#2452,#995);
#842=LINE('',#2454,#996);
#843=LINE('',#2456,#997);
#844=LINE('',#2460,#998);
#845=LINE('',#2464,#999);
#846=LINE('',#2466,#1000);
#847=LINE('',#2468,#1001);
#848=LINE('',#2470,#1002);
#849=LINE('',#2472,#1003);
#850=LINE('',#2475,#1004);
#851=LINE('',#2477,#1005);
#852=LINE('',#2479,#1006);
#853=LINE('',#2481,#1007);
#854=LINE('',#2482,#1008);
#855=LINE('',#2484,#1009);
#856=LINE('',#2486,#1010);
#857=LINE('',#2490,#1011);
#858=LINE('',#2494,#1012);
#859=LINE('',#2500,#1013);
#860=LINE('',#2502,#1014);
#861=LINE('',#2504,#1015);
#862=LINE('',#2506,#1016);
#863=LINE('',#2508,#1017);
#864=LINE('',#2510,#1018);
#865=LINE('',#2514,#1019);
#866=LINE('',#2519,#1020);
#867=LINE('',#2520,#1021);
#868=LINE('',#2522,#1022);
#869=LINE('',#2524,#1023);
#870=LINE('',#2526,#1024);
#871=LINE('',#2528,#1025);
#872=LINE('',#2530,#1026);
#873=LINE('',#2532,#1027);
#874=LINE('',#2534,#1028);
#875=LINE('',#2538,#1029);
#876=LINE('',#2542,#1030);
#877=LINE('',#2544,#1031);
#878=LINE('',#2546,#1032);
#879=LINE('',#2548,#1033);
#880=LINE('',#2550,#1034);
#881=LINE('',#2551,#1035);
#882=LINE('',#2553,#1036);
#883=LINE('',#2555,#1037);
#884=LINE('',#2557,#1038);
#885=LINE('',#2559,#1039);
#886=LINE('',#2561,#1040);
#887=LINE('',#2563,#1041);
#888=LINE('',#2565,#1042);
#889=LINE('',#2567,#1043);
#890=LINE('',#2569,#1044);
#891=LINE('',#2571,#1045);
#892=LINE('',#2573,#1046);
#893=LINE('',#2575,#1047);
#894=LINE('',#2579,#1048);
#895=LINE('',#2583,#1049);
#896=LINE('',#2585,#1050);
#897=LINE('',#2586,#1051);
#898=LINE('',#2590,#1052);
#899=LINE('',#2594,#1053);
#900=LINE('',#2596,#1054);
#901=LINE('',#2600,#1055);
#902=LINE('',#2604,#1056);
#903=LINE('',#2605,#1057);
#904=LINE('',#2607,#1058);
#905=LINE('',#2611,#1059);
#906=LINE('',#2615,#1060);
#907=LINE('',#2617,#1061);
#908=LINE('',#2619,#1062);
#909=LINE('',#2621,#1063);
#910=LINE('',#2623,#1064);
#911=LINE('',#2625,#1065);
#912=LINE('',#2627,#1066);
#913=LINE('',#2630,#1067);
#914=LINE('',#2632,#1068);
#915=LINE('',#2634,#1069);
#916=VECTOR('',#1904,1000.);
#917=VECTOR('',#1905,1000.);
#918=VECTOR('',#1906,1000.);
#919=VECTOR('',#1907,1000.);
#920=VECTOR('',#1910,1000.);
#921=VECTOR('',#1911,1000.);
#922=VECTOR('',#1912,1000.);
#923=VECTOR('',#1915,1000.);
#924=VECTOR('',#1916,1000.);
#925=VECTOR('',#1919,1000.);
#926=VECTOR('',#1920,1000.);
#927=VECTOR('',#1923,1000.);
#928=VECTOR('',#1928,1000.);
#929=VECTOR('',#1931,1000.);
#930=VECTOR('',#1934,1000.);
#931=VECTOR('',#1935,1000.);
#932=VECTOR('',#1936,1000.);
#933=VECTOR('',#1943,1000.);
#934=VECTOR('',#1948,1000.);
#935=VECTOR('',#1951,1000.);
#936=VECTOR('',#1954,1000.);
#937=VECTOR('',#1955,1000.);
#938=VECTOR('',#1956,1000.);
#939=VECTOR('',#1963,1000.);
#940=VECTOR('',#1966,1000.);
#941=VECTOR('',#1967,1000.);
#942=VECTOR('',#1968,1000.);
#943=VECTOR('',#1971,1000.);
#944=VECTOR('',#1972,1000.);
#945=VECTOR('',#1973,1000.);
#946=VECTOR('',#1976,1000.);
#947=VECTOR('',#1977,1000.);
#948=VECTOR('',#1978,1000.);
#949=VECTOR('',#1981,1000.);
#950=VECTOR('',#1982,1000.);
#951=VECTOR('',#1983,1000.);
#952=VECTOR('',#1990,1000.);
#953=VECTOR('',#1991,1000.);
#954=VECTOR('',#1992,1000.);
#955=VECTOR('',#1993,1000.);
#956=VECTOR('',#1996,1000.);
#957=VECTOR('',#1997,1000.);
#958=VECTOR('',#1998,1000.);
#959=VECTOR('',#2001,1000.);
#960=VECTOR('',#2002,1000.);
#961=VECTOR('',#2005,1000.);
#962=VECTOR('',#2008,1000.);
#963=VECTOR('',#2009,1000.);
#964=VECTOR('',#2010,1000.);
#965=VECTOR('',#2011,1000.);
#966=VECTOR('',#2012,1000.);
#967=VECTOR('',#2013,1000.);
#968=VECTOR('',#2014,1000.);
#969=VECTOR('',#2017,1000.);
#970=VECTOR('',#2018,1000.);
#971=VECTOR('',#2023,1000.);
#972=VECTOR('',#2026,1000.);
#973=VECTOR('',#2029,1000.);
#974=VECTOR('',#2030,1000.);
#975=VECTOR('',#2031,1000.);
#976=VECTOR('',#2032,1000.);
#977=VECTOR('',#2037,1000.);
#978=VECTOR('',#2046,1000.);
#979=VECTOR('',#2047,1000.);
#980=VECTOR('',#2048,1000.);
#981=VECTOR('',#2049,1000.);
#982=VECTOR('',#2050,1000.);
#983=VECTOR('',#2053,1000.);
#984=VECTOR('',#2054,1000.);
#985=VECTOR('',#2055,1000.);
#986=VECTOR('',#2056,1000.);
#987=VECTOR('',#2057,1000.);
#988=VECTOR('',#2058,1000.);
#989=VECTOR('',#2059,1000.);
#990=VECTOR('',#2062,1000.);
#991=VECTOR('',#2063,1000.);
#992=VECTOR('',#2064,1000.);
#993=VECTOR('',#2067,1000.);
#994=VECTOR('',#2074,1000.);
#995=VECTOR('',#2077,1000.);
#996=VECTOR('',#2078,1000.);
#997=VECTOR('',#2079,1000.);
#998=VECTOR('',#2084,1000.);
#999=VECTOR('',#2089,1000.);
#1000=VECTOR('',#2090,1000.);
#1001=VECTOR('',#2093,1000.);
#1002=VECTOR('',#2094,1000.);
#1003=VECTOR('',#2097,1000.);
#1004=VECTOR('',#2098,1000.);
#1005=VECTOR('',#2099,1000.);
#1006=VECTOR('',#2100,1000.);
#1007=VECTOR('',#2103,1000.);
#1008=VECTOR('',#2104,1000.);
#1009=VECTOR('',#2107,1000.);
#1010=VECTOR('',#2108,1000.);
#1011=VECTOR('',#2113,1000.);
#1012=VECTOR('',#2118,1000.);
#1013=VECTOR('',#2125,1000.);
#1014=VECTOR('',#2126,1000.);
#1015=VECTOR('',#2129,1000.);
#1016=VECTOR('',#2132,1000.);
#1017=VECTOR('',#2133,1000.);
#1018=VECTOR('',#2134,1000.);
#1019=VECTOR('',#2137,1000.);
#1020=VECTOR('',#2142,1000.);
#1021=VECTOR('',#2143,1000.);
#1022=VECTOR('',#2146,1000.);
#1023=VECTOR('',#2147,1000.);
#1024=VECTOR('',#2150,1000.);
#1025=VECTOR('',#2151,1000.);
#1026=VECTOR('',#2154,1000.);
#1027=VECTOR('',#2155,1000.);
#1028=VECTOR('',#2156,1000.);
#1029=VECTOR('',#2161,1000.);
#1030=VECTOR('',#2166,1000.);
#1031=VECTOR('',#2167,1000.);
#1032=VECTOR('',#2168,1000.);
#1033=VECTOR('',#2169,1000.);
#1034=VECTOR('',#2170,1000.);
#1035=VECTOR('',#2171,1000.);
#1036=VECTOR('',#2172,1000.);
#1037=VECTOR('',#2175,1000.);
#1038=VECTOR('',#2176,1000.);
#1039=VECTOR('',#2177,1000.);
#1040=VECTOR('',#2180,1000.);
#1041=VECTOR('',#2181,1000.);
#1042=VECTOR('',#2184,1000.);
#1043=VECTOR('',#2185,1000.);
#1044=VECTOR('',#2186,1000.);
#1045=VECTOR('',#2189,1000.);
#1046=VECTOR('',#2192,1000.);
#1047=VECTOR('',#2195,1000.);
#1048=VECTOR('',#2198,1000.);
#1049=VECTOR('',#2201,1000.);
#1050=VECTOR('',#2202,1000.);
#1051=VECTOR('',#2203,1000.);
#1052=VECTOR('',#2206,1000.);
#1053=VECTOR('',#2209,1000.);
#1054=VECTOR('',#2212,1000.);
#1055=VECTOR('',#2215,1000.);
#1056=VECTOR('',#2218,1000.);
#1057=VECTOR('',#2219,1000.);
#1058=VECTOR('',#2220,1000.);
#1059=VECTOR('',#2223,1000.);
#1060=VECTOR('',#2226,1000.);
#1061=VECTOR('',#2229,1000.);
#1062=VECTOR('',#2232,1000.);
#1063=VECTOR('',#2235,1000.);
#1064=VECTOR('',#2238,1000.);
#1065=VECTOR('',#2241,1000.);
#1066=VECTOR('',#2244,1000.);
#1067=VECTOR('',#2249,1000.);
#1068=VECTOR('',#2252,1000.);
#1069=VECTOR('',#2255,1000.);
#1070=EDGE_LOOP('',(#76,#77,#78,#79));
#1071=EDGE_LOOP('',(#80,#81,#82,#83));
#1072=EDGE_LOOP('',(#84,#85,#86,#87));
#1073=EDGE_LOOP('',(#88,#89,#90,#91));
#1074=EDGE_LOOP('',(#92,#93,#94,#95));
#1075=EDGE_LOOP('',(#96,#97,#98,#99));
#1076=EDGE_LOOP('',(#100,#101,#102,#103));
#1077=EDGE_LOOP('',(#104,#105,#106,#107));
#1078=EDGE_LOOP('',(#108,#109,#110,#111));
#1079=EDGE_LOOP('',(#112,#113,#114,#115));
#1080=EDGE_LOOP('',(#116,#117,#118,#119));
#1081=EDGE_LOOP('',(#120,#121,#122,#123));
#1082=EDGE_LOOP('',(#124,#125,#126,#127));
#1083=EDGE_LOOP('',(#128,#129,#130,#131));
#1084=EDGE_LOOP('',(#132,#133,#134,#135));
#1085=EDGE_LOOP('',(#136));
#1086=EDGE_LOOP('',(#137,#138,#139,#140));
#1087=EDGE_LOOP('',(#141,#142,#143,#144));
#1088=EDGE_LOOP('',(#145,#146,#147,#148,#149,#150,#151,#152,#153,#154,#155,
#156,#157));
#1089=EDGE_LOOP('',(#158,#159,#160,#161,#162,#163,#164,#165,#166,#167,#168,
#169,#170));
#1090=EDGE_LOOP('',(#171,#172,#173,#174));
#1091=EDGE_LOOP('',(#175,#176,#177,#178,#179,#180,#181,#182,#183,#184));
#1092=EDGE_LOOP('',(#185,#186,#187,#188));
#1093=EDGE_LOOP('',(#189,#190,#191,#192));
#1094=EDGE_LOOP('',(#193,#194,#195,#196,#197,#198,#199,#200));
#1095=EDGE_LOOP('',(#201,#202,#203,#204));
#1096=EDGE_LOOP('',(#205));
#1097=EDGE_LOOP('',(#206));
#1098=EDGE_LOOP('',(#207,#208,#209,#210,#211,#212));
#1099=EDGE_LOOP('',(#213,#214,#215,#216,#217,#218,#219,#220));
#1100=EDGE_LOOP('',(#221,#222,#223,#224));
#1101=EDGE_LOOP('',(#225,#226,#227,#228,#229,#230,#231,#232));
#1102=EDGE_LOOP('',(#233,#234,#235,#236));
#1103=EDGE_LOOP('',(#237,#238,#239,#240,#241,#242,#243,#244,#245,#246));
#1104=EDGE_LOOP('',(#247,#248,#249,#250));
#1105=EDGE_LOOP('',(#251,#252,#253,#254,#255,#256,#257,#258));
#1106=EDGE_LOOP('',(#259,#260,#261,#262));
#1107=EDGE_LOOP('',(#263,#264,#265,#266));
#1108=EDGE_LOOP('',(#267,#268,#269,#270));
#1109=EDGE_LOOP('',(#271));
#1110=EDGE_LOOP('',(#272,#273,#274,#275,#276,#277,#278,#279));
#1111=EDGE_LOOP('',(#280,#281,#282,#283));
#1112=EDGE_LOOP('',(#284,#285,#286,#287));
#1113=EDGE_LOOP('',(#288,#289,#290,#291));
#1114=EDGE_LOOP('',(#292,#293,#294,#295));
#1115=EDGE_LOOP('',(#296,#297,#298,#299,#300,#301,#302,#303));
#1116=EDGE_LOOP('',(#304,#305,#306,#307));
#1117=EDGE_LOOP('',(#308,#309,#310,#311,#312,#313,#314,#315,#316,#317));
#1118=EDGE_LOOP('',(#318,#319,#320,#321));
#1119=EDGE_LOOP('',(#322,#323,#324,#325,#326,#327,#328,#329,#330,#331));
#1120=EDGE_LOOP('',(#332,#333,#334,#335));
#1121=EDGE_LOOP('',(#336,#337,#338,#339,#340,#341,#342,#343,#344,#345));
#1122=EDGE_LOOP('',(#346,#347,#348,#349,#350,#351,#352,#353,#354,#355));
#1123=EDGE_LOOP('',(#356,#357,#358,#359,#360,#361,#362,#363));
#1124=EDGE_LOOP('',(#364,#365,#366,#367,#368,#369,#370,#371,#372,#373));
#1125=EDGE_LOOP('',(#374,#375,#376,#377));
#1126=EDGE_LOOP('',(#378,#379,#380,#381));
#1127=EDGE_LOOP('',(#382,#383,#384,#385,#386,#387,#388,#389,#390,#391,#392,
#393,#394));
#1128=EDGE_LOOP('',(#395,#396,#397,#398,#399,#400,#401,#402,#403,#404,#405,
#406,#407));
#1129=EDGE_LOOP('',(#408,#409,#410,#411));
#1130=EDGE_LOOP('',(#412,#413,#414,#415));
#1131=EDGE_LOOP('',(#416,#417,#418,#419));
#1132=EDGE_LOOP('',(#420,#421,#422,#423));
#1133=EDGE_LOOP('',(#424,#425,#426,#427));
#1134=EDGE_LOOP('',(#428,#429,#430,#431));
#1135=EDGE_LOOP('',(#432,#433,#434,#435));
#1136=EDGE_LOOP('',(#436,#437,#438,#439));
#1137=EDGE_LOOP('',(#440,#441,#442,#443));
#1138=EDGE_LOOP('',(#444,#445,#446,#447));
#1139=EDGE_LOOP('',(#448,#449,#450,#451));
#1140=FACE_BOUND('',#1070,.T.);
#1141=FACE_BOUND('',#1071,.T.);
#1142=FACE_BOUND('',#1072,.T.);
#1143=FACE_BOUND('',#1073,.T.);
#1144=FACE_BOUND('',#1074,.T.);
#1145=FACE_BOUND('',#1075,.T.);
#1146=FACE_BOUND('',#1076,.T.);
#1147=FACE_BOUND('',#1077,.T.);
#1148=FACE_BOUND('',#1078,.T.);
#1149=FACE_BOUND('',#1079,.T.);
#1150=FACE_BOUND('',#1080,.T.);
#1151=FACE_BOUND('',#1081,.T.);
#1152=FACE_BOUND('',#1082,.T.);
#1153=FACE_BOUND('',#1083,.T.);
#1154=FACE_BOUND('',#1084,.T.);
#1155=FACE_BOUND('',#1085,.T.);
#1156=FACE_BOUND('',#1086,.T.);
#1157=FACE_BOUND('',#1087,.T.);
#1158=FACE_BOUND('',#1088,.T.);
#1159=FACE_BOUND('',#1089,.T.);
#1160=FACE_BOUND('',#1090,.T.);
#1161=FACE_BOUND('',#1091,.T.);
#1162=FACE_BOUND('',#1092,.T.);
#1163=FACE_BOUND('',#1093,.T.);
#1164=FACE_BOUND('',#1094,.T.);
#1165=FACE_BOUND('',#1095,.T.);
#1166=FACE_BOUND('',#1096,.T.);
#1167=FACE_BOUND('',#1097,.T.);
#1168=FACE_BOUND('',#1098,.T.);
#1169=FACE_BOUND('',#1099,.T.);
#1170=FACE_BOUND('',#1100,.T.);
#1171=FACE_BOUND('',#1101,.T.);
#1172=FACE_BOUND('',#1102,.T.);
#1173=FACE_BOUND('',#1103,.T.);
#1174=FACE_BOUND('',#1104,.T.);
#1175=FACE_BOUND('',#1105,.T.);
#1176=FACE_BOUND('',#1106,.T.);
#1177=FACE_BOUND('',#1107,.T.);
#1178=FACE_BOUND('',#1108,.T.);
#1179=FACE_BOUND('',#1109,.T.);
#1180=FACE_BOUND('',#1110,.T.);
#1181=FACE_BOUND('',#1111,.T.);
#1182=FACE_BOUND('',#1112,.T.);
#1183=FACE_BOUND('',#1113,.T.);
#1184=FACE_BOUND('',#1114,.T.);
#1185=FACE_BOUND('',#1115,.T.);
#1186=FACE_BOUND('',#1116,.T.);
#1187=FACE_BOUND('',#1117,.T.);
#1188=FACE_BOUND('',#1118,.T.);
#1189=FACE_BOUND('',#1119,.T.);
#1190=FACE_BOUND('',#1120,.T.);
#1191=FACE_BOUND('',#1121,.T.);
#1192=FACE_BOUND('',#1122,.T.);
#1193=FACE_BOUND('',#1123,.T.);
#1194=FACE_BOUND('',#1124,.T.);
#1195=FACE_BOUND('',#1125,.T.);
#1196=FACE_BOUND('',#1126,.T.);
#1197=FACE_BOUND('',#1127,.T.);
#1198=FACE_BOUND('',#1128,.T.);
#1199=FACE_BOUND('',#1129,.T.);
#1200=FACE_BOUND('',#1130,.T.);
#1201=FACE_BOUND('',#1131,.T.);
#1202=FACE_BOUND('',#1132,.T.);
#1203=FACE_BOUND('',#1133,.T.);
#1204=FACE_BOUND('',#1134,.T.);
#1205=FACE_BOUND('',#1135,.T.);
#1206=FACE_BOUND('',#1136,.T.);
#1207=FACE_BOUND('',#1137,.T.);
#1208=FACE_BOUND('',#1138,.T.);
#1209=FACE_BOUND('',#1139,.T.);
#1210=PLANE('',#1799);
#1211=PLANE('',#1800);
#1212=PLANE('',#1801);
#1213=PLANE('',#1802);
#1214=PLANE('',#1803);
#1215=PLANE('',#1807);
#1216=PLANE('',#1814);
#1217=PLANE('',#1818);
#1218=PLANE('',#1819);
#1219=PLANE('',#1820);
#1220=PLANE('',#1821);
#1221=PLANE('',#1822);
#1222=PLANE('',#1824);
#1223=PLANE('',#1825);
#1224=PLANE('',#1826);
#1225=PLANE('',#1827);
#1226=PLANE('',#1828);
#1227=PLANE('',#1829);
#1228=PLANE('',#1833);
#1229=PLANE('',#1839);
#1230=PLANE('',#1840);
#1231=PLANE('',#1841);
#1232=PLANE('',#1846);
#1233=PLANE('',#1851);
#1234=PLANE('',#1852);
#1235=PLANE('',#1853);
#1236=PLANE('',#1854);
#1237=PLANE('',#1861);
#1238=PLANE('',#1862);
#1239=PLANE('',#1867);
#1240=PLANE('',#1868);
#1241=PLANE('',#1869);
#1242=PLANE('',#1873);
#1243=PLANE('',#1874);
#1244=PLANE('',#1876);
#1245=PLANE('',#1877);
#1246=PLANE('',#1878);
#1247=PLANE('',#1879);
#1248=PLANE('',#1884);
#1249=PLANE('',#1889);
#1250=PLANE('',#1890);
#1251=PLANE('',#1892);
#1252=PLANE('',#1894);
#1253=PLANE('',#1895);
#1254=PLANE('',#1896);
#1255=PLANE('',#1898);
#1256=STYLED_ITEM('',(#1323),#1727);
#1257=STYLED_ITEM('',(#1324),#1728);
#1258=STYLED_ITEM('',(#1325),#1729);
#1259=STYLED_ITEM('',(#1326),#1730);
#1260=STYLED_ITEM('',(#1327),#1731);
#1261=STYLED_ITEM('',(#1328),#1732);
#1262=STYLED_ITEM('',(#1329),#1733);
#1263=STYLED_ITEM('',(#1330),#1734);
#1264=STYLED_ITEM('',(#1331),#1735);
#1265=STYLED_ITEM('',(#1332),#1736);
#1266=STYLED_ITEM('',(#1333),#1737);
#1267=STYLED_ITEM('',(#1334),#1738);
#1268=STYLED_ITEM('',(#1335),#1739);
#1269=STYLED_ITEM('',(#1336),#1740);
#1270=STYLED_ITEM('',(#1337),#1741);
#1271=STYLED_ITEM('',(#1338),#1742);
#1272=STYLED_ITEM('',(#1339),#1743);
#1273=STYLED_ITEM('',(#1340),#1744);
#1274=STYLED_ITEM('',(#1341),#1745);
#1275=STYLED_ITEM('',(#1342),#1746);
#1276=STYLED_ITEM('',(#1343),#1747);
#1277=STYLED_ITEM('',(#1344),#1748);
#1278=STYLED_ITEM('',(#1345),#1749);
#1279=STYLED_ITEM('',(#1346),#1750);
#1280=STYLED_ITEM('',(#1347),#1751);
#1281=STYLED_ITEM('',(#1348),#1752);
#1282=STYLED_ITEM('',(#1349),#1753);
#1283=STYLED_ITEM('',(#1350),#1754);
#1284=STYLED_ITEM('',(#1351),#1755);
#1285=STYLED_ITEM('',(#1352),#1756);
#1286=STYLED_ITEM('',(#1353),#1757);
#1287=STYLED_ITEM('',(#1354),#1758);
#1288=STYLED_ITEM('',(#1355),#1759);
#1289=STYLED_ITEM('',(#1356),#1760);
#1290=STYLED_ITEM('',(#1357),#1761);
#1291=STYLED_ITEM('',(#1358),#1762);
#1292=STYLED_ITEM('',(#1359),#1763);
#1293=STYLED_ITEM('',(#1360),#1764);
#1294=STYLED_ITEM('',(#1361),#1765);
#1295=STYLED_ITEM('',(#1362),#1766);
#1296=STYLED_ITEM('',(#1363),#1767);
#1297=STYLED_ITEM('',(#1364),#1768);
#1298=STYLED_ITEM('',(#1365),#1769);
#1299=STYLED_ITEM('',(#1366),#1770);
#1300=STYLED_ITEM('',(#1367),#1771);
#1301=STYLED_ITEM('',(#1368),#1772);
#1302=STYLED_ITEM('',(#1369),#1773);
#1303=STYLED_ITEM('',(#1370),#1774);
#1304=STYLED_ITEM('',(#1371),#1775);
#1305=STYLED_ITEM('',(#1372),#1776);
#1306=STYLED_ITEM('',(#1373),#1777);
#1307=STYLED_ITEM('',(#1374),#1778);
#1308=STYLED_ITEM('',(#1375),#1779);
#1309=STYLED_ITEM('',(#1376),#1780);
#1310=STYLED_ITEM('',(#1377),#1781);
#1311=STYLED_ITEM('',(#1378),#1782);
#1312=STYLED_ITEM('',(#1379),#1783);
#1313=STYLED_ITEM('',(#1380),#1784);
#1314=STYLED_ITEM('',(#1381),#1785);
#1315=STYLED_ITEM('',(#1382),#1786);
#1316=STYLED_ITEM('',(#1383),#1787);
#1317=STYLED_ITEM('',(#1384),#1788);
#1318=STYLED_ITEM('',(#1385),#1789);
#1319=STYLED_ITEM('',(#1386),#1790);
#1320=STYLED_ITEM('',(#1387),#1791);
#1321=STYLED_ITEM('',(#1388),#1792);
#1322=STYLED_ITEM('',(#1389),#1793);
#1323=PRESENTATION_STYLE_ASSIGNMENT((#1390));
#1324=PRESENTATION_STYLE_ASSIGNMENT((#1391));
#1325=PRESENTATION_STYLE_ASSIGNMENT((#1392));
#1326=PRESENTATION_STYLE_ASSIGNMENT((#1393));
#1327=PRESENTATION_STYLE_ASSIGNMENT((#1394));
#1328=PRESENTATION_STYLE_ASSIGNMENT((#1395));
#1329=PRESENTATION_STYLE_ASSIGNMENT((#1396));
#1330=PRESENTATION_STYLE_ASSIGNMENT((#1397));
#1331=PRESENTATION_STYLE_ASSIGNMENT((#1398));
#1332=PRESENTATION_STYLE_ASSIGNMENT((#1399));
#1333=PRESENTATION_STYLE_ASSIGNMENT((#1400));
#1334=PRESENTATION_STYLE_ASSIGNMENT((#1401));
#1335=PRESENTATION_STYLE_ASSIGNMENT((#1402));
#1336=PRESENTATION_STYLE_ASSIGNMENT((#1403));
#1337=PRESENTATION_STYLE_ASSIGNMENT((#1404));
#1338=PRESENTATION_STYLE_ASSIGNMENT((#1405));
#1339=PRESENTATION_STYLE_ASSIGNMENT((#1406));
#1340=PRESENTATION_STYLE_ASSIGNMENT((#1407));
#1341=PRESENTATION_STYLE_ASSIGNMENT((#1408));
#1342=PRESENTATION_STYLE_ASSIGNMENT((#1409));
#1343=PRESENTATION_STYLE_ASSIGNMENT((#1410));
#1344=PRESENTATION_STYLE_ASSIGNMENT((#1411));
#1345=PRESENTATION_STYLE_ASSIGNMENT((#1412));
#1346=PRESENTATION_STYLE_ASSIGNMENT((#1413));
#1347=PRESENTATION_STYLE_ASSIGNMENT((#1414));
#1348=PRESENTATION_STYLE_ASSIGNMENT((#1415));
#1349=PRESENTATION_STYLE_ASSIGNMENT((#1416));
#1350=PRESENTATION_STYLE_ASSIGNMENT((#1417));
#1351=PRESENTATION_STYLE_ASSIGNMENT((#1418));
#1352=PRESENTATION_STYLE_ASSIGNMENT((#1419));
#1353=PRESENTATION_STYLE_ASSIGNMENT((#1420));
#1354=PRESENTATION_STYLE_ASSIGNMENT((#1421));
#1355=PRESENTATION_STYLE_ASSIGNMENT((#1422));
#1356=PRESENTATION_STYLE_ASSIGNMENT((#1423));
#1357=PRESENTATION_STYLE_ASSIGNMENT((#1424));
#1358=PRESENTATION_STYLE_ASSIGNMENT((#1425));
#1359=PRESENTATION_STYLE_ASSIGNMENT((#1426));
#1360=PRESENTATION_STYLE_ASSIGNMENT((#1427));
#1361=PRESENTATION_STYLE_ASSIGNMENT((#1428));
#1362=PRESENTATION_STYLE_ASSIGNMENT((#1429));
#1363=PRESENTATION_STYLE_ASSIGNMENT((#1430));
#1364=PRESENTATION_STYLE_ASSIGNMENT((#1431));
#1365=PRESENTATION_STYLE_ASSIGNMENT((#1432));
#1366=PRESENTATION_STYLE_ASSIGNMENT((#1433));
#1367=PRESENTATION_STYLE_ASSIGNMENT((#1434));
#1368=PRESENTATION_STYLE_ASSIGNMENT((#1435));
#1369=PRESENTATION_STYLE_ASSIGNMENT((#1436));
#1370=PRESENTATION_STYLE_ASSIGNMENT((#1437));
#1371=PRESENTATION_STYLE_ASSIGNMENT((#1438));
#1372=PRESENTATION_STYLE_ASSIGNMENT((#1439));
#1373=PRESENTATION_STYLE_ASSIGNMENT((#1440));
#1374=PRESENTATION_STYLE_ASSIGNMENT((#1441));
#1375=PRESENTATION_STYLE_ASSIGNMENT((#1442));
#1376=PRESENTATION_STYLE_ASSIGNMENT((#1443));
#1377=PRESENTATION_STYLE_ASSIGNMENT((#1444));
#1378=PRESENTATION_STYLE_ASSIGNMENT((#1445));
#1379=PRESENTATION_STYLE_ASSIGNMENT((#1446));
#1380=PRESENTATION_STYLE_ASSIGNMENT((#1447));
#1381=PRESENTATION_STYLE_ASSIGNMENT((#1448));
#1382=PRESENTATION_STYLE_ASSIGNMENT((#1449));
#1383=PRESENTATION_STYLE_ASSIGNMENT((#1450));
#1384=PRESENTATION_STYLE_ASSIGNMENT((#1451));
#1385=PRESENTATION_STYLE_ASSIGNMENT((#1452));
#1386=PRESENTATION_STYLE_ASSIGNMENT((#1453));
#1387=PRESENTATION_STYLE_ASSIGNMENT((#1454));
#1388=PRESENTATION_STYLE_ASSIGNMENT((#1455));
#1389=PRESENTATION_STYLE_ASSIGNMENT((#1456));
#1390=SURFACE_STYLE_USAGE(.BOTH.,#1457);
#1391=SURFACE_STYLE_USAGE(.BOTH.,#1458);
#1392=SURFACE_STYLE_USAGE(.BOTH.,#1459);
#1393=SURFACE_STYLE_USAGE(.BOTH.,#1460);
#1394=SURFACE_STYLE_USAGE(.BOTH.,#1461);
#1395=SURFACE_STYLE_USAGE(.BOTH.,#1462);
#1396=SURFACE_STYLE_USAGE(.BOTH.,#1463);
#1397=SURFACE_STYLE_USAGE(.BOTH.,#1464);
#1398=SURFACE_STYLE_USAGE(.BOTH.,#1465);
#1399=SURFACE_STYLE_USAGE(.BOTH.,#1466);
#1400=SURFACE_STYLE_USAGE(.BOTH.,#1467);
#1401=SURFACE_STYLE_USAGE(.BOTH.,#1468);
#1402=SURFACE_STYLE_USAGE(.BOTH.,#1469);
#1403=SURFACE_STYLE_USAGE(.BOTH.,#1470);
#1404=SURFACE_STYLE_USAGE(.BOTH.,#1471);
#1405=SURFACE_STYLE_USAGE(.BOTH.,#1472);
#1406=SURFACE_STYLE_USAGE(.BOTH.,#1473);
#1407=SURFACE_STYLE_USAGE(.BOTH.,#1474);
#1408=SURFACE_STYLE_USAGE(.BOTH.,#1475);
#1409=SURFACE_STYLE_USAGE(.BOTH.,#1476);
#1410=SURFACE_STYLE_USAGE(.BOTH.,#1477);
#1411=SURFACE_STYLE_USAGE(.BOTH.,#1478);
#1412=SURFACE_STYLE_USAGE(.BOTH.,#1479);
#1413=SURFACE_STYLE_USAGE(.BOTH.,#1480);
#1414=SURFACE_STYLE_USAGE(.BOTH.,#1481);
#1415=SURFACE_STYLE_USAGE(.BOTH.,#1482);
#1416=SURFACE_STYLE_USAGE(.BOTH.,#1483);
#1417=SURFACE_STYLE_USAGE(.BOTH.,#1484);
#1418=SURFACE_STYLE_USAGE(.BOTH.,#1485);
#1419=SURFACE_STYLE_USAGE(.BOTH.,#1486);
#1420=SURFACE_STYLE_USAGE(.BOTH.,#1487);
#1421=SURFACE_STYLE_USAGE(.BOTH.,#1488);
#1422=SURFACE_STYLE_USAGE(.BOTH.,#1489);
#1423=SURFACE_STYLE_USAGE(.BOTH.,#1490);
#1424=SURFACE_STYLE_USAGE(.BOTH.,#1491);
#1425=SURFACE_STYLE_USAGE(.BOTH.,#1492);
#1426=SURFACE_STYLE_USAGE(.BOTH.,#1493);
#1427=SURFACE_STYLE_USAGE(.BOTH.,#1494);
#1428=SURFACE_STYLE_USAGE(.BOTH.,#1495);
#1429=SURFACE_STYLE_USAGE(.BOTH.,#1496);
#1430=SURFACE_STYLE_USAGE(.BOTH.,#1497);
#1431=SURFACE_STYLE_USAGE(.BOTH.,#1498);
#1432=SURFACE_STYLE_USAGE(.BOTH.,#1499);
#1433=SURFACE_STYLE_USAGE(.BOTH.,#1500);
#1434=SURFACE_STYLE_USAGE(.BOTH.,#1501);
#1435=SURFACE_STYLE_USAGE(.BOTH.,#1502);
#1436=SURFACE_STYLE_USAGE(.BOTH.,#1503);
#1437=SURFACE_STYLE_USAGE(.BOTH.,#1504);
#1438=SURFACE_STYLE_USAGE(.BOTH.,#1505);
#1439=SURFACE_STYLE_USAGE(.BOTH.,#1506);
#1440=SURFACE_STYLE_USAGE(.BOTH.,#1507);
#1441=SURFACE_STYLE_USAGE(.BOTH.,#1508);
#1442=SURFACE_STYLE_USAGE(.BOTH.,#1509);
#1443=SURFACE_STYLE_USAGE(.BOTH.,#1510);
#1444=SURFACE_STYLE_USAGE(.BOTH.,#1511);
#1445=SURFACE_STYLE_USAGE(.BOTH.,#1512);
#1446=SURFACE_STYLE_USAGE(.BOTH.,#1513);
#1447=SURFACE_STYLE_USAGE(.BOTH.,#1514);
#1448=SURFACE_STYLE_USAGE(.BOTH.,#1515);
#1449=SURFACE_STYLE_USAGE(.BOTH.,#1516);
#1450=SURFACE_STYLE_USAGE(.BOTH.,#1517);
#1451=SURFACE_STYLE_USAGE(.BOTH.,#1518);
#1452=SURFACE_STYLE_USAGE(.BOTH.,#1519);
#1453=SURFACE_STYLE_USAGE(.BOTH.,#1520);
#1454=SURFACE_STYLE_USAGE(.BOTH.,#1521);
#1455=SURFACE_STYLE_USAGE(.BOTH.,#1522);
#1456=SURFACE_STYLE_USAGE(.BOTH.,#1523);
#1457=SURFACE_SIDE_STYLE('',(#1524));
#1458=SURFACE_SIDE_STYLE('',(#1525));
#1459=SURFACE_SIDE_STYLE('',(#1526));
#1460=SURFACE_SIDE_STYLE('',(#1527));
#1461=SURFACE_SIDE_STYLE('',(#1528));
#1462=SURFACE_SIDE_STYLE('',(#1529));
#1463=SURFACE_SIDE_STYLE('',(#1530));
#1464=SURFACE_SIDE_STYLE('',(#1531));
#1465=SURFACE_SIDE_STYLE('',(#1532));
#1466=SURFACE_SIDE_STYLE('',(#1533));
#1467=SURFACE_SIDE_STYLE('',(#1534));
#1468=SURFACE_SIDE_STYLE('',(#1535));
#1469=SURFACE_SIDE_STYLE('',(#1536));
#1470=SURFACE_SIDE_STYLE('',(#1537));
#1471=SURFACE_SIDE_STYLE('',(#1538));
#1472=SURFACE_SIDE_STYLE('',(#1539));
#1473=SURFACE_SIDE_STYLE('',(#1540));
#1474=SURFACE_SIDE_STYLE('',(#1541));
#1475=SURFACE_SIDE_STYLE('',(#1542));
#1476=SURFACE_SIDE_STYLE('',(#1543));
#1477=SURFACE_SIDE_STYLE('',(#1544));
#1478=SURFACE_SIDE_STYLE('',(#1545));
#1479=SURFACE_SIDE_STYLE('',(#1546));
#1480=SURFACE_SIDE_STYLE('',(#1547));
#1481=SURFACE_SIDE_STYLE('',(#1548));
#1482=SURFACE_SIDE_STYLE('',(#1549));
#1483=SURFACE_SIDE_STYLE('',(#1550));
#1484=SURFACE_SIDE_STYLE('',(#1551));
#1485=SURFACE_SIDE_STYLE('',(#1552));
#1486=SURFACE_SIDE_STYLE('',(#1553));
#1487=SURFACE_SIDE_STYLE('',(#1554));
#1488=SURFACE_SIDE_STYLE('',(#1555));
#1489=SURFACE_SIDE_STYLE('',(#1556));
#1490=SURFACE_SIDE_STYLE('',(#1557));
#1491=SURFACE_SIDE_STYLE('',(#1558));
#1492=SURFACE_SIDE_STYLE('',(#1559));
#1493=SURFACE_SIDE_STYLE('',(#1560));
#1494=SURFACE_SIDE_STYLE('',(#1561));
#1495=SURFACE_SIDE_STYLE('',(#1562));
#1496=SURFACE_SIDE_STYLE('',(#1563));
#1497=SURFACE_SIDE_STYLE('',(#1564));
#1498=SURFACE_SIDE_STYLE('',(#1565));
#1499=SURFACE_SIDE_STYLE('',(#1566));
#1500=SURFACE_SIDE_STYLE('',(#1567));
#1501=SURFACE_SIDE_STYLE('',(#1568));
#1502=SURFACE_SIDE_STYLE('',(#1569));
#1503=SURFACE_SIDE_STYLE('',(#1570));
#1504=SURFACE_SIDE_STYLE('',(#1571));
#1505=SURFACE_SIDE_STYLE('',(#1572));
#1506=SURFACE_SIDE_STYLE('',(#1573));
#1507=SURFACE_SIDE_STYLE('',(#1574));
#1508=SURFACE_SIDE_STYLE('',(#1575));
#1509=SURFACE_SIDE_STYLE('',(#1576));
#1510=SURFACE_SIDE_STYLE('',(#1577));
#1511=SURFACE_SIDE_STYLE('',(#1578));
#1512=SURFACE_SIDE_STYLE('',(#1579));
#1513=SURFACE_SIDE_STYLE('',(#1580));
#1514=SURFACE_SIDE_STYLE('',(#1581));
#1515=SURFACE_SIDE_STYLE('',(#1582));
#1516=SURFACE_SIDE_STYLE('',(#1583));
#1517=SURFACE_SIDE_STYLE('',(#1584));
#1518=SURFACE_SIDE_STYLE('',(#1585));
#1519=SURFACE_SIDE_STYLE('',(#1586));
#1520=SURFACE_SIDE_STYLE('',(#1587));
#1521=SURFACE_SIDE_STYLE('',(#1588));
#1522=SURFACE_SIDE_STYLE('',(#1589));
#1523=SURFACE_SIDE_STYLE('',(#1590));
#1524=SURFACE_STYLE_FILL_AREA(#1591);
#1525=SURFACE_STYLE_FILL_AREA(#1592);
#1526=SURFACE_STYLE_FILL_AREA(#1593);
#1527=SURFACE_STYLE_FILL_AREA(#1594);
#1528=SURFACE_STYLE_FILL_AREA(#1595);
#1529=SURFACE_STYLE_FILL_AREA(#1596);
#1530=SURFACE_STYLE_FILL_AREA(#1597);
#1531=SURFACE_STYLE_FILL_AREA(#1598);
#1532=SURFACE_STYLE_FILL_AREA(#1599);
#1533=SURFACE_STYLE_FILL_AREA(#1600);
#1534=SURFACE_STYLE_FILL_AREA(#1601);
#1535=SURFACE_STYLE_FILL_AREA(#1602);
#1536=SURFACE_STYLE_FILL_AREA(#1603);
#1537=SURFACE_STYLE_FILL_AREA(#1604);
#1538=SURFACE_STYLE_FILL_AREA(#1605);
#1539=SURFACE_STYLE_FILL_AREA(#1606);
#1540=SURFACE_STYLE_FILL_AREA(#1607);
#1541=SURFACE_STYLE_FILL_AREA(#1608);
#1542=SURFACE_STYLE_FILL_AREA(#1609);
#1543=SURFACE_STYLE_FILL_AREA(#1610);
#1544=SURFACE_STYLE_FILL_AREA(#1611);
#1545=SURFACE_STYLE_FILL_AREA(#1612);
#1546=SURFACE_STYLE_FILL_AREA(#1613);
#1547=SURFACE_STYLE_FILL_AREA(#1614);
#1548=SURFACE_STYLE_FILL_AREA(#1615);
#1549=SURFACE_STYLE_FILL_AREA(#1616);
#1550=SURFACE_STYLE_FILL_AREA(#1617);
#1551=SURFACE_STYLE_FILL_AREA(#1618);
#1552=SURFACE_STYLE_FILL_AREA(#1619);
#1553=SURFACE_STYLE_FILL_AREA(#1620);
#1554=SURFACE_STYLE_FILL_AREA(#1621);
#1555=SURFACE_STYLE_FILL_AREA(#1622);
#1556=SURFACE_STYLE_FILL_AREA(#1623);
#1557=SURFACE_STYLE_FILL_AREA(#1624);
#1558=SURFACE_STYLE_FILL_AREA(#1625);
#1559=SURFACE_STYLE_FILL_AREA(#1626);
#1560=SURFACE_STYLE_FILL_AREA(#1627);
#1561=SURFACE_STYLE_FILL_AREA(#1628);
#1562=SURFACE_STYLE_FILL_AREA(#1629);
#1563=SURFACE_STYLE_FILL_AREA(#1630);
#1564=SURFACE_STYLE_FILL_AREA(#1631);
#1565=SURFACE_STYLE_FILL_AREA(#1632);
#1566=SURFACE_STYLE_FILL_AREA(#1633);
#1567=SURFACE_STYLE_FILL_AREA(#1634);
#1568=SURFACE_STYLE_FILL_AREA(#1635);
#1569=SURFACE_STYLE_FILL_AREA(#1636);
#1570=SURFACE_STYLE_FILL_AREA(#1637);
#1571=SURFACE_STYLE_FILL_AREA(#1638);
#1572=SURFACE_STYLE_FILL_AREA(#1639);
#1573=SURFACE_STYLE_FILL_AREA(#1640);
#1574=SURFACE_STYLE_FILL_AREA(#1641);
#1575=SURFACE_STYLE_FILL_AREA(#1642);
#1576=SURFACE_STYLE_FILL_AREA(#1643);
#1577=SURFACE_STYLE_FILL_AREA(#1644);
#1578=SURFACE_STYLE_FILL_AREA(#1645);
#1579=SURFACE_STYLE_FILL_AREA(#1646);
#1580=SURFACE_STYLE_FILL_AREA(#1647);
#1581=SURFACE_STYLE_FILL_AREA(#1648);
#1582=SURFACE_STYLE_FILL_AREA(#1649);
#1583=SURFACE_STYLE_FILL_AREA(#1650);
#1584=SURFACE_STYLE_FILL_AREA(#1651);
#1585=SURFACE_STYLE_FILL_AREA(#1652);
#1586=SURFACE_STYLE_FILL_AREA(#1653);
#1587=SURFACE_STYLE_FILL_AREA(#1654);
#1588=SURFACE_STYLE_FILL_AREA(#1655);
#1589=SURFACE_STYLE_FILL_AREA(#1656);
#1590=SURFACE_STYLE_FILL_AREA(#1657);
#1591=FILL_AREA_STYLE('',(#1658));
#1592=FILL_AREA_STYLE('',(#1659));
#1593=FILL_AREA_STYLE('',(#1660));
#1594=FILL_AREA_STYLE('',(#1661));
#1595=FILL_AREA_STYLE('',(#1662));
#1596=FILL_AREA_STYLE('',(#1663));
#1597=FILL_AREA_STYLE('',(#1664));
#1598=FILL_AREA_STYLE('',(#1665));
#1599=FILL_AREA_STYLE('',(#1666));
#1600=FILL_AREA_STYLE('',(#1667));
#1601=FILL_AREA_STYLE('',(#1668));
#1602=FILL_AREA_STYLE('',(#1669));
#1603=FILL_AREA_STYLE('',(#1670));
#1604=FILL_AREA_STYLE('',(#1671));
#1605=FILL_AREA_STYLE('',(#1672));
#1606=FILL_AREA_STYLE('',(#1673));
#1607=FILL_AREA_STYLE('',(#1674));
#1608=FILL_AREA_STYLE('',(#1675));
#1609=FILL_AREA_STYLE('',(#1676));
#1610=FILL_AREA_STYLE('',(#1677));
#1611=FILL_AREA_STYLE('',(#1678));
#1612=FILL_AREA_STYLE('',(#1679));
#1613=FILL_AREA_STYLE('',(#1680));
#1614=FILL_AREA_STYLE('',(#1681));
#1615=FILL_AREA_STYLE('',(#1682));
#1616=FILL_AREA_STYLE('',(#1683));
#1617=FILL_AREA_STYLE('',(#1684));
#1618=FILL_AREA_STYLE('',(#1685));
#1619=FILL_AREA_STYLE('',(#1686));
#1620=FILL_AREA_STYLE('',(#1687));
#1621=FILL_AREA_STYLE('',(#1688));
#1622=FILL_AREA_STYLE('',(#1689));
#1623=FILL_AREA_STYLE('',(#1690));
#1624=FILL_AREA_STYLE('',(#1691));
#1625=FILL_AREA_STYLE('',(#1692));
#1626=FILL_AREA_STYLE('',(#1693));
#1627=FILL_AREA_STYLE('',(#1694));
#1628=FILL_AREA_STYLE('',(#1695));
#1629=FILL_AREA_STYLE('',(#1696));
#1630=FILL_AREA_STYLE('',(#1697));
#1631=FILL_AREA_STYLE('',(#1698));
#1632=FILL_AREA_STYLE('',(#1699));
#1633=FILL_AREA_STYLE('',(#1700));
#1634=FILL_AREA_STYLE('',(#1701));
#1635=FILL_AREA_STYLE('',(#1702));
#1636=FILL_AREA_STYLE('',(#1703));
#1637=FILL_AREA_STYLE('',(#1704));
#1638=FILL_AREA_STYLE('',(#1705));
#1639=FILL_AREA_STYLE('',(#1706));
#1640=FILL_AREA_STYLE('',(#1707));
#1641=FILL_AREA_STYLE('',(#1708));
#1642=FILL_AREA_STYLE('',(#1709));
#1643=FILL_AREA_STYLE('',(#1710));
#1644=FILL_AREA_STYLE('',(#1711));
#1645=FILL_AREA_STYLE('',(#1712));
#1646=FILL_AREA_STYLE('',(#1713));
#1647=FILL_AREA_STYLE('',(#1714));
#1648=FILL_AREA_STYLE('',(#1715));
#1649=FILL_AREA_STYLE('',(#1716));
#1650=FILL_AREA_STYLE('',(#1717));
#1651=FILL_AREA_STYLE('',(#1718));
#1652=FILL_AREA_STYLE('',(#1719));
#1653=FILL_AREA_STYLE('',(#1720));
#1654=FILL_AREA_STYLE('',(#1721));
#1655=FILL_AREA_STYLE('',(#1722));
#1656=FILL_AREA_STYLE('',(#1723));
#1657=FILL_AREA_STYLE('',(#1724));
#1658=FILL_AREA_STYLE_COLOUR('',#1725);
#1659=FILL_AREA_STYLE_COLOUR('',#1725);
#1660=FILL_AREA_STYLE_COLOUR('',#1725);
#1661=FILL_AREA_STYLE_COLOUR('',#1725);
#1662=FILL_AREA_STYLE_COLOUR('',#1725);
#1663=FILL_AREA_STYLE_COLOUR('',#1726);
#1664=FILL_AREA_STYLE_COLOUR('',#1726);
#1665=FILL_AREA_STYLE_COLOUR('',#1726);
#1666=FILL_AREA_STYLE_COLOUR('',#1726);
#1667=FILL_AREA_STYLE_COLOUR('',#1726);
#1668=FILL_AREA_STYLE_COLOUR('',#1726);
#1669=FILL_AREA_STYLE_COLOUR('',#1726);
#1670=FILL_AREA_STYLE_COLOUR('',#1726);
#1671=FILL_AREA_STYLE_COLOUR('',#1726);
#1672=FILL_AREA_STYLE_COLOUR('',#1726);
#1673=FILL_AREA_STYLE_COLOUR('',#37);
#1674=FILL_AREA_STYLE_COLOUR('',#37);
#1675=FILL_AREA_STYLE_COLOUR('',#1726);
#1676=FILL_AREA_STYLE_COLOUR('',#1726);
#1677=FILL_AREA_STYLE_COLOUR('',#1726);
#1678=FILL_AREA_STYLE_COLOUR('',#37);
#1679=FILL_AREA_STYLE_COLOUR('',#37);
#1680=FILL_AREA_STYLE_COLOUR('',#37);
#1681=FILL_AREA_STYLE_COLOUR('',#37);
#1682=FILL_AREA_STYLE_COLOUR('',#37);
#1683=FILL_AREA_STYLE_COLOUR('',#37);
#1684=FILL_AREA_STYLE_COLOUR('',#37);
#1685=FILL_AREA_STYLE_COLOUR('',#37);
#1686=FILL_AREA_STYLE_COLOUR('',#37);
#1687=FILL_AREA_STYLE_COLOUR('',#37);
#1688=FILL_AREA_STYLE_COLOUR('',#37);
#1689=FILL_AREA_STYLE_COLOUR('',#37);
#1690=FILL_AREA_STYLE_COLOUR('',#37);
#1691=FILL_AREA_STYLE_COLOUR('',#37);
#1692=FILL_AREA_STYLE_COLOUR('',#37);
#1693=FILL_AREA_STYLE_COLOUR('',#37);
#1694=FILL_AREA_STYLE_COLOUR('',#37);
#1695=FILL_AREA_STYLE_COLOUR('',#37);
#1696=FILL_AREA_STYLE_COLOUR('',#37);
#1697=FILL_AREA_STYLE_COLOUR('',#37);
#1698=FILL_AREA_STYLE_COLOUR('',#37);
#1699=FILL_AREA_STYLE_COLOUR('',#37);
#1700=FILL_AREA_STYLE_COLOUR('',#37);
#1701=FILL_AREA_STYLE_COLOUR('',#37);
#1702=FILL_AREA_STYLE_COLOUR('',#37);
#1703=FILL_AREA_STYLE_COLOUR('',#37);
#1704=FILL_AREA_STYLE_COLOUR('',#37);
#1705=FILL_AREA_STYLE_COLOUR('',#37);
#1706=FILL_AREA_STYLE_COLOUR('',#37);
#1707=FILL_AREA_STYLE_COLOUR('',#37);
#1708=FILL_AREA_STYLE_COLOUR('',#37);
#1709=FILL_AREA_STYLE_COLOUR('',#37);
#1710=FILL_AREA_STYLE_COLOUR('',#37);
#1711=FILL_AREA_STYLE_COLOUR('',#37);
#1712=FILL_AREA_STYLE_COLOUR('',#1726);
#1713=FILL_AREA_STYLE_COLOUR('',#1726);
#1714=FILL_AREA_STYLE_COLOUR('',#1726);
#1715=FILL_AREA_STYLE_COLOUR('',#1726);
#1716=FILL_AREA_STYLE_COLOUR('',#1726);
#1717=FILL_AREA_STYLE_COLOUR('',#1726);
#1718=FILL_AREA_STYLE_COLOUR('',#1726);
#1719=FILL_AREA_STYLE_COLOUR('',#1726);
#1720=FILL_AREA_STYLE_COLOUR('',#1726);
#1721=FILL_AREA_STYLE_COLOUR('',#1726);
#1722=FILL_AREA_STYLE_COLOUR('',#1726);
#1723=FILL_AREA_STYLE_COLOUR('',#1726);
#1724=FILL_AREA_STYLE_COLOUR('',#1726);
#1725=COLOUR_RGB('',0.5,0.5,0.5);
#1726=COLOUR_RGB('',0.699999988079071,0.699999988079071,0.699999988079071);
#1727=ADVANCED_FACE('',(#1140),#1210,.T.);
#1728=ADVANCED_FACE('',(#1141),#1211,.F.);
#1729=ADVANCED_FACE('',(#1142),#1212,.F.);
#1730=ADVANCED_FACE('',(#1143),#1213,.F.);
#1731=ADVANCED_FACE('',(#1144),#1214,.F.);
#1732=ADVANCED_FACE('',(#1145),#56,.T.);
#1733=ADVANCED_FACE('',(#1146),#1215,.T.);
#1734=ADVANCED_FACE('',(#1147),#57,.T.);
#1735=ADVANCED_FACE('',(#1148),#58,.F.);
#1736=ADVANCED_FACE('',(#1149),#1216,.T.);
#1737=ADVANCED_FACE('',(#1150),#59,.F.);
#1738=ADVANCED_FACE('',(#1151),#1217,.T.);
#1739=ADVANCED_FACE('',(#1152),#1218,.T.);
#1740=ADVANCED_FACE('',(#1153),#1219,.T.);
#1741=ADVANCED_FACE('',(#1154),#1220,.T.);
#1742=ADVANCED_FACE('',(#1155,#1156),#1221,.F.);
#1743=ADVANCED_FACE('',(#1157),#1222,.F.);
#1744=ADVANCED_FACE('',(#1158),#1223,.T.);
#1745=ADVANCED_FACE('',(#1159),#1224,.F.);
#1746=ADVANCED_FACE('',(#1160),#1225,.T.);
#1747=ADVANCED_FACE('',(#1161),#1226,.T.);
#1748=ADVANCED_FACE('',(#1162),#1227,.F.);
#1749=ADVANCED_FACE('',(#1163),#60,.T.);
#1750=ADVANCED_FACE('',(#1164),#1228,.T.);
#1751=ADVANCED_FACE('',(#1165),#61,.T.);
#1752=ADVANCED_FACE('',(#1166,#1167),#20,.F.);
#1753=ADVANCED_FACE('',(#1168),#1229,.T.);
#1754=ADVANCED_FACE('',(#1169),#1230,.T.);
#1755=ADVANCED_FACE('',(#1170),#1231,.F.);
#1756=ADVANCED_FACE('',(#1171),#62,.T.);
#1757=ADVANCED_FACE('',(#1172),#63,.T.);
#1758=ADVANCED_FACE('',(#1173),#1232,.F.);
#1759=ADVANCED_FACE('',(#1174),#64,.T.);
#1760=ADVANCED_FACE('',(#1175),#65,.T.);
#1761=ADVANCED_FACE('',(#1176),#1233,.F.);
#1762=ADVANCED_FACE('',(#1177),#1234,.F.);
#1763=ADVANCED_FACE('',(#1178),#1235,.F.);
#1764=ADVANCED_FACE('',(#1179,#1180),#1236,.T.);
#1765=ADVANCED_FACE('',(#1181),#66,.T.);
#1766=ADVANCED_FACE('',(#1182),#67,.T.);
#1767=ADVANCED_FACE('',(#1183),#1237,.T.);
#1768=ADVANCED_FACE('',(#1184),#1238,.T.);
#1769=ADVANCED_FACE('',(#1185),#68,.T.);
#1770=ADVANCED_FACE('',(#1186),#69,.T.);
#1771=ADVANCED_FACE('',(#1187),#1239,.T.);
#1772=ADVANCED_FACE('',(#1188),#1240,.F.);
#1773=ADVANCED_FACE('',(#1189),#1241,.T.);
#1774=ADVANCED_FACE('',(#1190),#70,.T.);
#1775=ADVANCED_FACE('',(#1191),#1242,.T.);
#1776=ADVANCED_FACE('',(#1192),#1243,.F.);
#1777=ADVANCED_FACE('',(#1193),#71,.T.);
#1778=ADVANCED_FACE('',(#1194),#1244,.T.);
#1779=ADVANCED_FACE('',(#1195),#1245,.F.);
#1780=ADVANCED_FACE('',(#1196),#1246,.F.);
#1781=ADVANCED_FACE('',(#1197),#1247,.F.);
#1782=ADVANCED_FACE('',(#1198),#1248,.T.);
#1783=ADVANCED_FACE('',(#1199),#1249,.T.);
#1784=ADVANCED_FACE('',(#1200),#1250,.T.);
#1785=ADVANCED_FACE('',(#1201),#72,.T.);
#1786=ADVANCED_FACE('',(#1202),#1251,.T.);
#1787=ADVANCED_FACE('',(#1203),#73,.T.);
#1788=ADVANCED_FACE('',(#1204),#1252,.T.);
#1789=ADVANCED_FACE('',(#1205),#1253,.T.);
#1790=ADVANCED_FACE('',(#1206),#1254,.T.);
#1791=ADVANCED_FACE('',(#1207),#74,.F.);
#1792=ADVANCED_FACE('',(#1208),#1255,.T.);
#1793=ADVANCED_FACE('',(#1209),#75,.F.);
#1794=CLOSED_SHELL('',(#1727,#1728,#1729,#1730,#1731,#1732,#1733,#1734,
#1735,#1736,#1737,#1738,#1739,#1740,#1741,#1742,#1743,#1744,#1745,#1746,
#1747,#1748,#1749,#1750,#1751,#1752,#1753,#1754,#1755,#1756,#1757,#1758,
#1759,#1760,#1761,#1762,#1763,#1764,#1765,#1766,#1767,#1768,#1769,#1770,
#1771,#1772,#1773,#1774,#1775,#1776,#1777,#1778,#1779,#1780,#1781,#1782,
#1783,#1784,#1785,#1786,#1787,#1788,#1789,#1790,#1791,#1792,#1793));
#1795=MANIFOLD_SOLID_BREP('',#1794);
#1796=SHAPE_DEFINITION_REPRESENTATION(#2642,#1797);
#1797=SHAPE_REPRESENTATION('LS T676-Q1R2-1-Z',(#1798),#2637);
#1798=AXIS2_PLACEMENT_3D('',#2258,#1900,#1901);
#1799=AXIS2_PLACEMENT_3D('',#2259,#1902,#1903);
#1800=AXIS2_PLACEMENT_3D('',#2268,#1908,#1909);
#1801=AXIS2_PLACEMENT_3D('',#2274,#1913,#1914);
#1802=AXIS2_PLACEMENT_3D('',#2278,#1917,#1918);
#1803=AXIS2_PLACEMENT_3D('',#2282,#1921,#1922);
#1804=AXIS2_PLACEMENT_3D('',#2284,#1924,#1925);
#1805=AXIS2_PLACEMENT_3D('',#2285,#1926,#1927);
#1806=AXIS2_PLACEMENT_3D('',#2290,#1929,#1930);
#1807=AXIS2_PLACEMENT_3D('',#2293,#1932,#1933);
#1808=AXIS2_PLACEMENT_3D('',#2299,#1937,#1938);
#1809=AXIS2_PLACEMENT_3D('',#2300,#1939,#1940);
#1810=AXIS2_PLACEMENT_3D('',#2302,#1941,#1942);
#1811=AXIS2_PLACEMENT_3D('',#2305,#1944,#1945);
#1812=AXIS2_PLACEMENT_3D('',#2306,#1946,#1947);
#1813=AXIS2_PLACEMENT_3D('',#2311,#1949,#1950);
#1814=AXIS2_PLACEMENT_3D('',#2314,#1952,#1953);
#1815=AXIS2_PLACEMENT_3D('',#2320,#1957,#1958);
#1816=AXIS2_PLACEMENT_3D('',#2321,#1959,#1960);
#1817=AXIS2_PLACEMENT_3D('',#2323,#1961,#1962);
#1818=AXIS2_PLACEMENT_3D('',#2326,#1964,#1965);
#1819=AXIS2_PLACEMENT_3D('',#2332,#1969,#1970);
#1820=AXIS2_PLACEMENT_3D('',#2338,#1974,#1975);
#1821=AXIS2_PLACEMENT_3D('',#2344,#1979,#1980);
#1822=AXIS2_PLACEMENT_3D('',#2350,#1984,#1985);
#1823=AXIS2_PLACEMENT_3D('',#2351,#1986,#1987);
#1824=AXIS2_PLACEMENT_3D('',#2353,#1988,#1989);
#1825=AXIS2_PLACEMENT_3D('',#2360,#1994,#1995);
#1826=AXIS2_PLACEMENT_3D('',#2365,#1999,#2000);
#1827=AXIS2_PLACEMENT_3D('',#2369,#2003,#2004);
#1828=AXIS2_PLACEMENT_3D('',#2371,#2006,#2007);
#1829=AXIS2_PLACEMENT_3D('',#2384,#2015,#2016);
#1830=AXIS2_PLACEMENT_3D('',#2388,#2019,#2020);
#1831=AXIS2_PLACEMENT_3D('',#2389,#2021,#2022);
#1832=AXIS2_PLACEMENT_3D('',#2394,#2024,#2025);
#1833=AXIS2_PLACEMENT_3D('',#2397,#2027,#2028);
#1834=AXIS2_PLACEMENT_3D('',#2404,#2033,#2034);
#1835=AXIS2_PLACEMENT_3D('',#2405,#2035,#2036);
#1836=AXIS2_PLACEMENT_3D('',#2409,#2038,#2039);
#1837=AXIS2_PLACEMENT_3D('',#2410,#2040,#2041);
#1838=AXIS2_PLACEMENT_3D('',#2411,#2042,#2043);
#1839=AXIS2_PLACEMENT_3D('',#2413,#2044,#2045);
#1840=AXIS2_PLACEMENT_3D('',#2423,#2051,#2052);
#1841=AXIS2_PLACEMENT_3D('',#2437,#2060,#2061);
#1842=AXIS2_PLACEMENT_3D('',#2443,#2065,#2066);
#1843=AXIS2_PLACEMENT_3D('',#2446,#2068,#2069);
#1844=AXIS2_PLACEMENT_3D('',#2447,#2070,#2071);
#1845=AXIS2_PLACEMENT_3D('',#2448,#2072,#2073);
#1846=AXIS2_PLACEMENT_3D('',#2451,#2075,#2076);
#1847=AXIS2_PLACEMENT_3D('',#2458,#2080,#2081);
#1848=AXIS2_PLACEMENT_3D('',#2459,#2082,#2083);
#1849=AXIS2_PLACEMENT_3D('',#2462,#2085,#2086);
#1850=AXIS2_PLACEMENT_3D('',#2463,#2087,#2088);
#1851=AXIS2_PLACEMENT_3D('',#2467,#2091,#2092);
#1852=AXIS2_PLACEMENT_3D('',#2471,#2095,#2096);
#1853=AXIS2_PLACEMENT_3D('',#2480,#2101,#2102);
#1854=AXIS2_PLACEMENT_3D('',#2483,#2105,#2106);
#1855=AXIS2_PLACEMENT_3D('',#2488,#2109,#2110);
#1856=AXIS2_PLACEMENT_3D('',#2489,#2111,#2112);
#1857=AXIS2_PLACEMENT_3D('',#2492,#2114,#2115);
#1858=AXIS2_PLACEMENT_3D('',#2493,#2116,#2117);
#1859=AXIS2_PLACEMENT_3D('',#2497,#2119,#2120);
#1860=AXIS2_PLACEMENT_3D('',#2498,#2121,#2122);
#1861=AXIS2_PLACEMENT_3D('',#2499,#2123,#2124);
#1862=AXIS2_PLACEMENT_3D('',#2503,#2127,#2128);
#1863=AXIS2_PLACEMENT_3D('',#2505,#2130,#2131);
#1864=AXIS2_PLACEMENT_3D('',#2512,#2135,#2136);
#1865=AXIS2_PLACEMENT_3D('',#2515,#2138,#2139);
#1866=AXIS2_PLACEMENT_3D('',#2516,#2140,#2141);
#1867=AXIS2_PLACEMENT_3D('',#2521,#2144,#2145);
#1868=AXIS2_PLACEMENT_3D('',#2525,#2148,#2149);
#1869=AXIS2_PLACEMENT_3D('',#2529,#2152,#2153);
#1870=AXIS2_PLACEMENT_3D('',#2535,#2157,#2158);
#1871=AXIS2_PLACEMENT_3D('',#2536,#2159,#2160);
#1872=AXIS2_PLACEMENT_3D('',#2540,#2162,#2163);
#1873=AXIS2_PLACEMENT_3D('',#2541,#2164,#2165);
#1874=AXIS2_PLACEMENT_3D('',#2554,#2173,#2174);
#1875=AXIS2_PLACEMENT_3D('',#2560,#2178,#2179);
#1876=AXIS2_PLACEMENT_3D('',#2564,#2182,#2183);
#1877=AXIS2_PLACEMENT_3D('',#2570,#2187,#2188);
#1878=AXIS2_PLACEMENT_3D('',#2572,#2190,#2191);
#1879=AXIS2_PLACEMENT_3D('',#2574,#2193,#2194);
#1880=AXIS2_PLACEMENT_3D('',#2577,#2196,#2197);
#1881=AXIS2_PLACEMENT_3D('',#2581,#2199,#2200);
#1882=AXIS2_PLACEMENT_3D('',#2588,#2204,#2205);
#1883=AXIS2_PLACEMENT_3D('',#2592,#2207,#2208);
#1884=AXIS2_PLACEMENT_3D('',#2595,#2210,#2211);
#1885=AXIS2_PLACEMENT_3D('',#2598,#2213,#2214);
#1886=AXIS2_PLACEMENT_3D('',#2602,#2216,#2217);
#1887=AXIS2_PLACEMENT_3D('',#2609,#2221,#2222);
#1888=AXIS2_PLACEMENT_3D('',#2613,#2224,#2225);
#1889=AXIS2_PLACEMENT_3D('',#2616,#2227,#2228);
#1890=AXIS2_PLACEMENT_3D('',#2618,#2230,#2231);
#1891=AXIS2_PLACEMENT_3D('',#2620,#2233,#2234);
#1892=AXIS2_PLACEMENT_3D('',#2622,#2236,#2237);
#1893=AXIS2_PLACEMENT_3D('',#2624,#2239,#2240);
#1894=AXIS2_PLACEMENT_3D('',#2626,#2242,#2243);
#1895=AXIS2_PLACEMENT_3D('',#2628,#2245,#2246);
#1896=AXIS2_PLACEMENT_3D('',#2629,#2247,#2248);
#1897=AXIS2_PLACEMENT_3D('',#2631,#2250,#2251);
#1898=AXIS2_PLACEMENT_3D('',#2633,#2253,#2254);
#1899=AXIS2_PLACEMENT_3D('',#2635,#2256,#2257);
#1900=DIRECTION('',(0.,0.,1.));
#1901=DIRECTION('',(1.,0.,0.));
#1902=DIRECTION('',(0.,0.,1.));
#1903=DIRECTION('',(1.,0.,0.));
#1904=DIRECTION('',(1.,0.,0.));
#1905=DIRECTION('',(0.,1.,0.));
#1906=DIRECTION('',(-1.,0.,0.));
#1907=DIRECTION('',(0.,-1.,0.));
#1908=DIRECTION('',(-1.,0.,0.));
#1909=DIRECTION('',(0.,0.,1.));
#1910=DIRECTION('',(0.,1.,0.));
#1911=DIRECTION('',(0.,0.,-1.));
#1912=DIRECTION('',(0.,0.,-1.));
#1913=DIRECTION('',(0.,-1.,0.));
#1914=DIRECTION('',(0.,0.,-1.));
#1915=DIRECTION('',(-1.,0.,0.));
#1916=DIRECTION('',(0.,0.,-1.));
#1917=DIRECTION('',(1.,0.,0.));
#1918=DIRECTION('',(0.,0.,-1.));
#1919=DIRECTION('',(0.,-1.,0.));
#1920=DIRECTION('',(0.,0.,-1.));
#1921=DIRECTION('',(0.,1.,0.));
#1922=DIRECTION('',(0.,0.,1.));
#1923=DIRECTION('',(1.,0.,0.));
#1924=DIRECTION('',(-1.,0.,0.));
#1925=DIRECTION('',(0.,0.,1.));
#1926=DIRECTION('',(-1.,6.12303176911189E-17,0.));
#1927=DIRECTION('',(-6.12303176911189E-17,-1.,0.));
#1928=DIRECTION('',(-1.,0.,0.));
#1929=DIRECTION('',(-1.,6.12303176911189E-17,0.));
#1930=DIRECTION('',(-6.12303176911189E-17,-1.,0.));
#1931=DIRECTION('',(-1.,0.,0.));
#1932=DIRECTION('',(0.,1.,0.));
#1933=DIRECTION('',(0.,0.,1.));
#1934=DIRECTION('',(0.,0.,-1.));
#1935=DIRECTION('',(0.,0.,-1.));
#1936=DIRECTION('',(-1.,0.,0.));
#1937=DIRECTION('',(-1.,0.,0.));
#1938=DIRECTION('',(0.,0.,1.));
#1939=DIRECTION('',(-1.,6.12303176911189E-17,0.));
#1940=DIRECTION('',(6.12303176911189E-17,1.,0.));
#1941=DIRECTION('',(-1.,6.12303176911189E-17,0.));
#1942=DIRECTION('',(6.12303176911189E-17,1.,0.));
#1943=DIRECTION('',(-1.,0.,0.));
#1944=DIRECTION('',(-1.,0.,0.));
#1945=DIRECTION('',(0.,0.,1.));
#1946=DIRECTION('',(1.,-6.12303176911189E-17,0.));
#1947=DIRECTION('',(-6.12303176911189E-17,-1.,0.));
#1948=DIRECTION('',(-1.,0.,0.));
#1949=DIRECTION('',(1.,-6.12303176911189E-17,0.));
#1950=DIRECTION('',(-6.12303176911189E-17,-1.,0.));
#1951=DIRECTION('',(-1.,0.,0.));
#1952=DIRECTION('',(0.,-1.,0.));
#1953=DIRECTION('',(0.,0.,-1.));
#1954=DIRECTION('',(0.,0.,1.));
#1955=DIRECTION('',(0.,0.,1.));
#1956=DIRECTION('',(-1.,0.,0.));
#1957=DIRECTION('',(-1.,0.,0.));
#1958=DIRECTION('',(0.,0.,1.));
#1959=DIRECTION('',(1.,-6.12303176911189E-17,0.));
#1960=DIRECTION('',(-6.12303176911189E-17,-1.,0.));
#1961=DIRECTION('',(1.,-6.12303176911189E-17,0.));
#1962=DIRECTION('',(-6.12303176911189E-17,-1.,0.));
#1963=DIRECTION('',(-1.,0.,0.));
#1964=DIRECTION('',(0.,-3.28613104632434E-16,-1.));
#1965=DIRECTION('',(0.,1.,-3.28613104632434E-16));
#1966=DIRECTION('',(-6.12303176911189E-17,-1.,3.28613104632434E-16));
#1967=DIRECTION('',(-6.12303176911189E-17,-1.,3.28613104632434E-16));
#1968=DIRECTION('',(-1.,0.,0.));
#1969=DIRECTION('',(0.,0.,1.));
#1970=DIRECTION('',(1.,0.,0.));
#1971=DIRECTION('',(6.12303176911189E-17,1.,0.));
#1972=DIRECTION('',(1.,0.,0.));
#1973=DIRECTION('',(6.12303176911189E-17,1.,1.82143637964463E-16));
#1974=DIRECTION('',(0.,2.28378758500035E-13,-1.));
#1975=DIRECTION('',(0.,1.,2.28378758500035E-13));
#1976=DIRECTION('',(-6.12303176911189E-17,-1.,-2.28378758500035E-13));
#1977=DIRECTION('',(-6.12303176911189E-17,-1.,-2.28378758500035E-13));
#1978=DIRECTION('',(-1.,0.,0.));
#1979=DIRECTION('',(0.,2.50382923939481E-13,1.));
#1980=DIRECTION('',(0.,-1.,2.50382923939481E-13));
#1981=DIRECTION('',(6.12303176911189E-17,1.,-2.50382923939482E-13));
#1982=DIRECTION('',(-1.,0.,0.));
#1983=DIRECTION('',(6.12303176911189E-17,1.,-2.50382923939482E-13));
#1984=DIRECTION('',(0.,0.,-1.));
#1985=DIRECTION('',(-1.,0.,0.));
#1986=DIRECTION('',(0.,0.,-1.));
#1987=DIRECTION('',(1.,0.,0.));
#1988=DIRECTION('',(0.,-1.,0.));
#1989=DIRECTION('',(0.,0.,-1.));
#1990=DIRECTION('',(0.,0.,-1.));
#1991=DIRECTION('',(-1.,0.,0.));
#1992=DIRECTION('',(0.,0.,-1.));
#1993=DIRECTION('',(-1.,0.,0.));
#1994=DIRECTION('',(-1.,6.12303176911189E-17,0.));
#1995=DIRECTION('',(-6.12303176911189E-17,-1.,0.));
#1996=DIRECTION('',(0.,0.,-1.));
#1997=DIRECTION('',(0.,0.,1.));
#1998=DIRECTION('',(6.12303176911189E-17,1.,0.));
#1999=DIRECTION('',(-1.,6.12303176911189E-17,0.));
#2000=DIRECTION('',(-6.12303176911189E-17,-1.,0.));
#2001=DIRECTION('',(6.12303176911189E-17,1.,1.82143637964463E-16));
#2002=DIRECTION('',(0.,0.,1.));
#2003=DIRECTION('',(0.,-1.,0.));
#2004=DIRECTION('',(0.,0.,-1.));
#2005=DIRECTION('',(-1.,0.,0.));
#2006=DIRECTION('',(0.,0.997564050259824,-0.0697564737441253));
#2007=DIRECTION('',(0.,0.0697564737441253,0.997564050259824));
#2008=DIRECTION('',(1.,0.,0.));
#2009=DIRECTION('',(-0.0695873743166647,0.0695873743166647,0.995145815783509));
#2010=DIRECTION('',(-1.,0.,0.));
#2011=DIRECTION('',(-1.,0.,0.));
#2012=DIRECTION('',(-1.,0.,0.));
#2013=DIRECTION('',(0.0695873743166647,0.0695873743166647,0.995145815783509));
#2014=DIRECTION('',(1.,0.,0.));
#2015=DIRECTION('',(0.,-1.,0.));
#2016=DIRECTION('',(0.,0.,-1.));
#2017=DIRECTION('',(-1.,0.,0.));
#2018=DIRECTION('',(0.,0.,-1.));
#2019=DIRECTION('',(-0.0695873743166647,0.0695873743166647,-0.995145815783508));
#2020=DIRECTION('',(-0.997564050259824,0.,0.0697564737441253));
#2021=DIRECTION('',(0.,0.,1.));
#2022=DIRECTION('',(-0.707106781186548,0.707106781186548,0.));
#2023=DIRECTION('',(0.0695873743166647,-0.0695873743166647,0.995145815783509));
#2024=DIRECTION('',(-0.034835987916562,0.034835987916562,-0.998785716703915));
#2025=DIRECTION('',(-0.706248153233605,0.706248153233605,0.0492655265702684));
#2026=DIRECTION('',(0.0695873743166647,-0.0695873743166647,0.995145815783509));
#2027=DIRECTION('',(0.,0.997564050259824,0.0697564737441253));
#2028=DIRECTION('',(0.,-0.0697564737441253,0.997564050259824));
#2029=DIRECTION('',(-1.,0.,0.));
#2030=DIRECTION('',(1.,0.,0.));
#2031=DIRECTION('',(-0.0695873743166647,-0.0695873743166647,0.995145815783509));
#2032=DIRECTION('',(-1.,0.,0.));
#2033=DIRECTION('',(0.0695873743166647,0.0695873743166647,-0.995145815783508));
#2034=DIRECTION('',(-0.997564050259824,0.,-0.0697564737441253));
#2035=DIRECTION('',(0.,0.,1.));
#2036=DIRECTION('',(0.707106781186548,0.707106781186548,0.));
#2037=DIRECTION('',(-0.0695873743166647,-0.0695873743166647,0.995145815783509));
#2038=DIRECTION('',(0.034835987916562,0.034835987916562,-0.998785716703915));
#2039=DIRECTION('',(-0.706248153233605,-0.706248153233605,-0.0492655265702684));
#2040=DIRECTION('',(0.,0.,1.));
#2041=DIRECTION('',(1.,0.,0.));
#2042=DIRECTION('',(0.,0.,-1.));
#2043=DIRECTION('',(1.,0.,0.));
#2044=DIRECTION('',(0.997564050259824,0.,0.0697564737441253));
#2045=DIRECTION('',(0.0697564737441253,0.,-0.997564050259824));
#2046=DIRECTION('',(0.,-1.,0.));
#2047=DIRECTION('',(-0.0695873743166647,0.0695873743166647,0.995145815783509));
#2048=DIRECTION('',(0.,1.,0.));
#2049=DIRECTION('',(0.,1.,0.));
#2050=DIRECTION('',(0.,1.,0.));
#2051=DIRECTION('',(-0.997564050259824,0.,0.0697564737441253));
#2052=DIRECTION('',(0.0697564737441253,0.,0.997564050259824));
#2053=DIRECTION('',(0.0695733439884902,-0.072413072314551,0.994945172742813));
#2054=DIRECTION('',(0.,1.,0.));
#2055=DIRECTION('',(0.,-1.,0.));
#2056=DIRECTION('',(0.,-1.,0.));
#2057=DIRECTION('',(0.,-1.,0.));
#2058=DIRECTION('',(0.0695873743166647,0.0695873743166647,0.995145815783509));
#2059=DIRECTION('',(0.,1.,0.));
#2060=DIRECTION('',(-1.,0.,0.));
#2061=DIRECTION('',(0.,0.,1.));
#2062=DIRECTION('',(0.,0.,-1.));
#2063=DIRECTION('',(0.,1.,0.));
#2064=DIRECTION('',(0.,0.,-1.));
#2065=DIRECTION('',(0.,0.,-1.));
#2066=DIRECTION('',(-1.,0.,0.));
#2067=DIRECTION('',(0.,1.,0.));
#2068=DIRECTION('',(0.034835987916562,0.034835987916562,0.998785716703915));
#2069=DIRECTION('',(0.706248153233605,0.706248153233605,-0.0492655265702684));
#2070=DIRECTION('',(0.0695873743166647,0.0695873743166647,0.995145815783508));
#2071=DIRECTION('',(0.997564050259824,0.,-0.0697564737441253));
#2072=DIRECTION('',(0.,-1.6015218960696E-16,1.));
#2073=DIRECTION('',(0.707106781186547,0.707106781186548,1.13244699292956E-16));
#2074=DIRECTION('',(0.0695873743166647,0.0695873743166647,0.995145815783509));
#2075=DIRECTION('',(0.,-1.6015218960696E-16,1.));
#2076=DIRECTION('',(0.,-1.,-1.6015218960696E-16));
#2077=DIRECTION('',(-1.11989320449873E-17,-1.,-1.6015218960696E-16));
#2078=DIRECTION('',(-1.,0.,0.));
#2079=DIRECTION('',(-1.11989320449873E-17,1.,1.6015218960696E-16));
#2080=DIRECTION('',(0.,-1.6015218960696E-16,1.));
#2081=DIRECTION('',(-0.707106781186547,0.707106781186548,1.13244699292956E-16));
#2082=DIRECTION('',(-0.0695873743166647,0.0695873743166647,0.995145815783508));
#2083=DIRECTION('',(0.997564050259824,0.,0.0697564737441253));
#2084=DIRECTION('',(-0.0695873743166647,0.0695873743166647,0.995145815783509));
#2085=DIRECTION('',(0.034835987916562,-0.034835987916562,-0.998785716703915));
#2086=DIRECTION('',(-0.706248153233605,0.706248153233605,-0.0492655265702684));
#2087=DIRECTION('',(0.,0.,-1.));
#2088=DIRECTION('',(-1.,0.,0.));
#2089=DIRECTION('',(0.,-1.,0.));
#2090=DIRECTION('',(0.,0.,-1.));
#2091=DIRECTION('',(1.,0.,0.));
#2092=DIRECTION('',(0.,0.,-1.));
#2093=DIRECTION('',(0.,-1.,0.));
#2094=DIRECTION('',(0.,0.,-1.));
#2095=DIRECTION('',(0.,0.,1.));
#2096=DIRECTION('',(1.,0.,0.));
#2097=DIRECTION('',(0.,1.,0.));
#2098=DIRECTION('',(-1.,0.,0.));
#2099=DIRECTION('',(0.,-1.,0.));
#2100=DIRECTION('',(-1.,0.,0.));
#2101=DIRECTION('',(0.,-1.,2.08166817117217E-17));
#2102=DIRECTION('',(0.,-2.08166817117217E-17,-1.));
#2103=DIRECTION('',(-0.0697564737441253,2.07659733213147E-17,0.997564050259824));
#2104=DIRECTION('',(-0.0697564737441253,-2.07659733213147E-17,-0.997564050259824));
#2105=DIRECTION('',(0.,0.,1.));
#2106=DIRECTION('',(1.,0.,0.));
#2107=DIRECTION('',(0.692826094197728,-0.721104710287431,0.));
#2108=DIRECTION('',(-1.,0.,0.));
#2109=DIRECTION('',(0.,0.,1.));
#2110=DIRECTION('',(0.707106781186548,-0.707106781186548,0.));
#2111=DIRECTION('',(0.0695873743166647,-0.0695873743166647,-0.995145815783508));
#2112=DIRECTION('',(-0.997564050259824,0.,-0.0697564737441253));
#2113=DIRECTION('',(-0.0695873743166647,0.0695873743166647,0.995145815783509));
#2114=DIRECTION('',(0.034835987916562,-0.034835987916562,-0.998785716703915));
#2115=DIRECTION('',(-0.706248153233605,0.706248153233605,-0.0492655265702684));
#2116=DIRECTION('',(-0.0695873743166647,-0.0695873743166647,-0.995145815783508));
#2117=DIRECTION('',(-0.997564050259824,0.,0.0697564737441253));
#2118=DIRECTION('',(0.0695873743166647,0.0695873743166647,0.995145815783509));
#2119=DIRECTION('',(0.,0.,1.));
#2120=DIRECTION('',(-0.707106781186548,-0.707106781186548,0.));
#2121=DIRECTION('',(-0.034835987916562,-0.034835987916562,-0.998785716703915));
#2122=DIRECTION('',(0.706248153233605,0.706248153233605,-0.0492655265702684));
#2123=DIRECTION('',(0.,0.,1.));
#2124=DIRECTION('',(1.,0.,0.));
#2125=DIRECTION('',(-1.,0.,0.));
#2126=DIRECTION('',(0.692826094197728,-0.721104710287431,0.));
#2127=DIRECTION('',(-0.721104710287431,-0.692826094197729,0.));
#2128=DIRECTION('',(0.692826094197729,-0.721104710287431,0.));
#2129=DIRECTION('',(0.0668709085039492,-0.0696003333408451,-0.995331138463325));
#2130=DIRECTION('',(0.,0.,-1.));
#2131=DIRECTION('',(-1.,0.,0.));
#2132=DIRECTION('',(1.,0.,0.));
#2133=DIRECTION('',(0.,0.,-1.));
#2134=DIRECTION('',(1.,0.,0.));
#2135=DIRECTION('',(0.034835987916562,-0.034835987916562,0.998785716703915));
#2136=DIRECTION('',(0.706248153233605,-0.706248153233605,-0.0492655265702684));
#2137=DIRECTION('',(0.,1.,0.));
#2138=DIRECTION('',(0.0695873743166647,-0.0695873743166647,0.995145815783508));
#2139=DIRECTION('',(0.997564050259824,0.,-0.0697564737441253));
#2140=DIRECTION('',(0.,2.08166817117217E-17,1.));
#2141=DIRECTION('',(0.707106781186547,-0.707106781186548,1.47196168001604E-17));
#2142=DIRECTION('',(0.0695873743166647,-0.0695873743166647,0.995145815783509));
#2143=DIRECTION('',(0.0695873743166647,-0.0695873743166647,0.995145815783509));
#2144=DIRECTION('',(0.997564050259824,0.,-0.0697564737441253));
#2145=DIRECTION('',(-0.0697564737441253,0.,-0.997564050259824));
#2146=DIRECTION('',(1.45564418734347E-18,-1.,2.08166817117217E-17));
#2147=DIRECTION('',(0.0697564737441253,2.07659733213147E-17,0.997564050259824));
#2148=DIRECTION('',(0.,1.,-2.08166817117217E-17));
#2149=DIRECTION('',(0.,2.08166817117217E-17,1.));
#2150=DIRECTION('',(0.0697564737441253,-2.07659733213147E-17,-0.997564050259824));
#2151=DIRECTION('',(-1.,0.,0.));
#2152=DIRECTION('',(-0.997564050259824,0.,-0.0697564737441253));
#2153=DIRECTION('',(-0.0697564737441253,0.,0.997564050259824));
#2154=DIRECTION('',(1.45564418734347E-18,1.,-2.08166817117217E-17));
#2155=DIRECTION('',(-0.0695873743166647,-0.0695873743166647,0.995145815783509));
#2156=DIRECTION('',(0.,-1.,0.));
#2157=DIRECTION('',(-0.0695873743166647,-0.0695873743166647,0.995145815783508));
#2158=DIRECTION('',(0.997564050259824,0.,0.0697564737441253));
#2159=DIRECTION('',(0.,2.08166817117217E-17,1.));
#2160=DIRECTION('',(-0.707106781186547,-0.707106781186548,1.47196168001604E-17));
#2161=DIRECTION('',(-0.0695873743166647,-0.0695873743166647,0.995145815783509));
#2162=DIRECTION('',(0.034835987916562,0.034835987916562,-0.998785716703915));
#2163=DIRECTION('',(-0.706248153233605,-0.706248153233605,-0.0492655265702684));
#2164=DIRECTION('',(0.,-0.997564050259824,-0.0697564737441253));
#2165=DIRECTION('',(0.,0.0697564737441253,-0.997564050259824));
#2166=DIRECTION('',(-1.,0.,0.));
#2167=DIRECTION('',(1.,0.,0.));
#2168=DIRECTION('',(1.,0.,0.));
#2169=DIRECTION('',(1.,0.,0.));
#2170=DIRECTION('',(1.,0.,0.));
#2171=DIRECTION('',(-1.,0.,0.));
#2172=DIRECTION('',(-1.,0.,0.));
#2173=DIRECTION('',(0.,2.08166817117217E-17,1.));
#2174=DIRECTION('',(0.,-1.,2.08166817117217E-17));
#2175=DIRECTION('',(6.12303176911189E-17,-1.,1.82143637964463E-16));
#2176=DIRECTION('',(-1.,0.,0.));
#2177=DIRECTION('',(6.12303176911189E-17,-1.,0.));
#2178=DIRECTION('',(0.,0.,-1.));
#2179=DIRECTION('',(-1.,0.,0.));
#2180=DIRECTION('',(0.,0.,-1.));
#2181=DIRECTION('',(1.,0.,0.));
#2182=DIRECTION('',(0.,-0.997564050259824,0.0697564737441253));
#2183=DIRECTION('',(0.,-0.0697564737441253,-0.997564050259824));
#2184=DIRECTION('',(1.,0.,0.));
#2185=DIRECTION('',(1.,0.,0.));
#2186=DIRECTION('',(1.,0.,0.));
#2187=DIRECTION('',(0.,1.,0.));
#2188=DIRECTION('',(0.,0.,1.));
#2189=DIRECTION('',(0.,0.,-1.));
#2190=DIRECTION('',(0.,1.,0.));
#2191=DIRECTION('',(0.,0.,1.));
#2192=DIRECTION('',(0.,0.,-1.));
#2193=DIRECTION('',(-1.,-6.12303176911189E-17,0.));
#2194=DIRECTION('',(-6.12303176911189E-17,1.,0.));
#2195=DIRECTION('',(6.12303176911189E-17,-1.,-2.50382923939482E-13));
#2196=DIRECTION('',(1.,6.12303176911189E-17,0.));
#2197=DIRECTION('',(-6.12303176911189E-17,1.,0.));
#2198=DIRECTION('',(0.,0.,-1.));
#2199=DIRECTION('',(1.,6.12303176911189E-17,0.));
#2200=DIRECTION('',(6.12303176911189E-17,-1.,0.));
#2201=DIRECTION('',(-6.12303176911189E-17,1.,3.28613104632434E-16));
#2202=DIRECTION('',(0.,0.,1.));
#2203=DIRECTION('',(6.12303176911189E-17,-1.,1.82143637964463E-16));
#2204=DIRECTION('',(-1.,-6.12303176911189E-17,0.));
#2205=DIRECTION('',(-6.12303176911189E-17,1.,0.));
#2206=DIRECTION('',(0.,0.,1.));
#2207=DIRECTION('',(-1.,-6.12303176911189E-17,0.));
#2208=DIRECTION('',(-6.12303176911189E-17,1.,0.));
#2209=DIRECTION('',(-6.12303176911189E-17,1.,-2.28378758500035E-13));
#2210=DIRECTION('',(-1.,-6.12303176911189E-17,0.));
#2211=DIRECTION('',(-6.12303176911189E-17,1.,0.));
#2212=DIRECTION('',(-6.12303176911189E-17,1.,-2.28378758500035E-13));
#2213=DIRECTION('',(-1.,-6.12303176911189E-17,0.));
#2214=DIRECTION('',(-6.12303176911189E-17,1.,0.));
#2215=DIRECTION('',(0.,0.,1.));
#2216=DIRECTION('',(-1.,-6.12303176911189E-17,0.));
#2217=DIRECTION('',(-6.12303176911189E-17,1.,0.));
#2218=DIRECTION('',(6.12303176911189E-17,-1.,0.));
#2219=DIRECTION('',(0.,0.,1.));
#2220=DIRECTION('',(-6.12303176911189E-17,1.,3.28613104632434E-16));
#2221=DIRECTION('',(1.,6.12303176911189E-17,0.));
#2222=DIRECTION('',(6.12303176911189E-17,-1.,0.));
#2223=DIRECTION('',(0.,0.,-1.));
#2224=DIRECTION('',(1.,6.12303176911189E-17,0.));
#2225=DIRECTION('',(-6.12303176911189E-17,1.,0.));
#2226=DIRECTION('',(6.12303176911189E-17,-1.,-2.50382923939482E-13));
#2227=DIRECTION('',(0.,-2.28378758500035E-13,-1.));
#2228=DIRECTION('',(0.,-1.,2.28378758500035E-13));
#2229=DIRECTION('',(-1.,0.,0.));
#2230=DIRECTION('',(0.,-2.50382923939481E-13,1.));
#2231=DIRECTION('',(0.,1.,2.50382923939481E-13));
#2232=DIRECTION('',(-1.,0.,0.));
#2233=DIRECTION('',(-1.,0.,0.));
#2234=DIRECTION('',(0.,0.,1.));
#2235=DIRECTION('',(-1.,0.,0.));
#2236=DIRECTION('',(0.,-1.,0.));
#2237=DIRECTION('',(0.,0.,1.));
#2238=DIRECTION('',(-1.,0.,0.));
#2239=DIRECTION('',(-1.,0.,0.));
#2240=DIRECTION('',(0.,0.,1.));
#2241=DIRECTION('',(-1.,0.,0.));
#2242=DIRECTION('',(0.,3.28613104632434E-16,-1.));
#2243=DIRECTION('',(0.,-1.,-3.28613104632434E-16));
#2244=DIRECTION('',(-1.,0.,0.));
#2245=DIRECTION('',(0.,1.,0.));
#2246=DIRECTION('',(0.,0.,-1.));
#2247=DIRECTION('',(0.,0.,1.));
#2248=DIRECTION('',(1.,0.,0.));
#2249=DIRECTION('',(-1.,0.,0.));
#2250=DIRECTION('',(-1.,0.,0.));
#2251=DIRECTION('',(0.,0.,1.));
#2252=DIRECTION('',(-1.,0.,0.));
#2253=DIRECTION('',(0.,1.,0.));
#2254=DIRECTION('',(0.,0.,-1.));
#2255=DIRECTION('',(-1.,0.,0.));
#2256=DIRECTION('',(-1.,0.,0.));
#2257=DIRECTION('',(0.,0.,1.));
#2258=CARTESIAN_POINT('',(0.,0.,0.));
#2259=CARTESIAN_POINT('',(0.,0.,0.175));
#2260=CARTESIAN_POINT('',(-0.172550513353607,-0.168230148461118,0.175));
#2261=CARTESIAN_POINT('',(-0.172550513353607,-0.168230148461118,0.175));
#2262=CARTESIAN_POINT('',(0.172550513353607,-0.168230148461118,0.175));
#2263=CARTESIAN_POINT('',(0.172550513353607,-0.168230148461118,0.175));
#2264=CARTESIAN_POINT('',(0.172550513353607,0.168230148461118,0.175));
#2265=CARTESIAN_POINT('',(0.172550513353607,0.168230148461118,0.175));
#2266=CARTESIAN_POINT('',(-0.172550513353607,0.168230148461118,0.175));
#2267=CARTESIAN_POINT('',(-0.172550513353607,0.168230148461118,0.175));
#2268=CARTESIAN_POINT('',(0.172550513353607,-0.168230148461118,0.175));
#2269=CARTESIAN_POINT('',(0.172550513353607,-0.168230148461118,0.075));
#2270=CARTESIAN_POINT('',(0.172550513353607,-0.168230148461118,0.075));
#2271=CARTESIAN_POINT('',(0.172550513353607,0.168230148461118,0.075));
#2272=CARTESIAN_POINT('',(0.172550513353607,0.168230148461118,0.175));
#2273=CARTESIAN_POINT('',(0.172550513353607,-0.168230148461118,0.175));
#2274=CARTESIAN_POINT('',(0.172550513353607,0.168230148461118,0.175));
#2275=CARTESIAN_POINT('',(0.172550513353607,0.168230148461118,0.075));
#2276=CARTESIAN_POINT('',(-0.172550513353607,0.168230148461118,0.075));
#2277=CARTESIAN_POINT('',(-0.172550513353607,0.168230148461118,0.175));
#2278=CARTESIAN_POINT('',(-0.172550513353607,0.168230148461118,0.175));
#2279=CARTESIAN_POINT('',(-0.172550513353607,0.168230148461118,0.075));
#2280=CARTESIAN_POINT('',(-0.172550513353607,-0.168230148461118,0.075));
#2281=CARTESIAN_POINT('',(-0.172550513353607,-0.168230148461118,0.175));
#2282=CARTESIAN_POINT('',(-0.172550513353607,-0.168230148461118,0.175));
#2283=CARTESIAN_POINT('',(-0.172550513353607,-0.168230148461118,0.075));
#2284=CARTESIAN_POINT('',(1.1,1.60627831095905,-0.0745991939212582));
#2285=CARTESIAN_POINT('',(-1.1,1.60627831095905,-0.0745991939212582));
#2286=CARTESIAN_POINT('',(-1.1,1.60627831095905,0.0750063566190203));
#2287=CARTESIAN_POINT('',(-1.1,1.75588386149933,-0.0745991939212582));
#2288=CARTESIAN_POINT('',(1.1,1.60627831095905,0.0750063566190203));
#2289=CARTESIAN_POINT('',(1.1,1.60627831095905,0.0750063566190203));
#2290=CARTESIAN_POINT('',(1.1,1.60627831095905,-0.0745991939212582));
#2291=CARTESIAN_POINT('',(1.1,1.75588386149933,-0.0745991939212582));
#2292=CARTESIAN_POINT('',(1.1,1.75588386149933,-0.0745991939212582));
#2293=CARTESIAN_POINT('',(1.1,1.75588386149933,-0.0745991939212582));
#2294=CARTESIAN_POINT('',(-1.1,1.75588386149933,-0.0745991939212582));
#2295=CARTESIAN_POINT('',(-1.1,1.75588386149933,-0.852859039989149));
#2296=CARTESIAN_POINT('',(1.1,1.75588386149933,-0.0745991939212582));
#2297=CARTESIAN_POINT('',(1.1,1.75588386149933,-0.852859039989149));
#2298=CARTESIAN_POINT('',(1.1,1.75588386149933,-0.852859039989149));
#2299=CARTESIAN_POINT('',(1.1,1.61055304983655,-0.852859039989149));
#2300=CARTESIAN_POINT('',(-1.1,1.61055304983655,-0.852859039989149));
#2301=CARTESIAN_POINT('',(-1.1,1.61055304983655,-0.998189851651932));
#2302=CARTESIAN_POINT('',(1.1,1.61055304983655,-0.852859039989149));
#2303=CARTESIAN_POINT('',(1.1,1.61055304983655,-0.998189851651932));
#2304=CARTESIAN_POINT('',(1.1,1.61055304983655,-0.998189851651932));
#2305=CARTESIAN_POINT('',(1.1,1.54673964176572,-0.775145388274401));
#2306=CARTESIAN_POINT('',(-1.1,1.54673964176572,-0.775145388274401));
#2307=CARTESIAN_POINT('',(-1.1,1.54673964176572,-0.848189851651932));
#2308=CARTESIAN_POINT('',(-1.1,1.61978410514325,-0.775145388274401));
#2309=CARTESIAN_POINT('',(1.1,1.54673964176572,-0.848189851651932));
#2310=CARTESIAN_POINT('',(1.1,1.54673964176572,-0.848189851651932));
#2311=CARTESIAN_POINT('',(1.1,1.54673964176572,-0.775145388274401));
#2312=CARTESIAN_POINT('',(1.1,1.61978410514325,-0.775145388274401));
#2313=CARTESIAN_POINT('',(1.1,1.61978410514325,-0.775145388274401));
#2314=CARTESIAN_POINT('',(1.1,1.61978410514325,-0.0899248353785669));
#2315=CARTESIAN_POINT('',(-1.1,1.61978410514325,-0.0899248353785669));
#2316=CARTESIAN_POINT('',(-1.1,1.61978410514325,-0.0899248353785669));
#2317=CARTESIAN_POINT('',(1.1,1.61978410514325,-0.0899248353785669));
#2318=CARTESIAN_POINT('',(1.1,1.61978410514325,-0.0899248353785669));
#2319=CARTESIAN_POINT('',(1.1,1.61978410514325,-0.0899248353785669));
#2320=CARTESIAN_POINT('',(1.1,1.6048656263837,-0.0899248353785669));
#2321=CARTESIAN_POINT('',(-1.1,1.6048656263837,-0.0899248353785669));
#2322=CARTESIAN_POINT('',(-1.1,1.6048656263837,-0.075006356619022));
#2323=CARTESIAN_POINT('',(1.1,1.6048656263837,-0.0899248353785669));
#2324=CARTESIAN_POINT('',(1.1,1.6048656263837,-0.075006356619022));
#2325=CARTESIAN_POINT('',(1.1,1.6048656263837,-0.075006356619022));
#2326=CARTESIAN_POINT('',(1.1,0.95068759882343,-0.998189851651932));
#2327=CARTESIAN_POINT('',(-1.1,0.95068759882343,-0.998189851651932));
#2328=CARTESIAN_POINT('',(-1.1,0.95068759882343,-0.998189851651932));
#2329=CARTESIAN_POINT('',(1.1,0.95068759882343,-0.998189851651932));
#2330=CARTESIAN_POINT('',(1.1,0.95068759882343,-0.998189851651932));
#2331=CARTESIAN_POINT('',(1.1,0.95068759882343,-0.998189851651932));
#2332=CARTESIAN_POINT('',(1.1,1.54673964176572,-0.848189851651932));
#2333=CARTESIAN_POINT('',(-1.1,1.54673964176572,-0.848189851651932));
#2334=CARTESIAN_POINT('',(-1.1,1.54593329864691,-0.848189851651932));
#2335=CARTESIAN_POINT('',(0.,1.54593329864691,-0.848189851651932));
#2336=CARTESIAN_POINT('',(1.1,1.54593329864691,-0.848189851651932));
#2337=CARTESIAN_POINT('',(1.1,0.95068759882343,-0.848189851651932));
#2338=CARTESIAN_POINT('',(1.1,1.59999955550173,-0.0750063566190231));
#2339=CARTESIAN_POINT('',(-1.1,1.59999955550173,-0.0750063566190231));
#2340=CARTESIAN_POINT('',(-1.1,1.59999955550173,-0.0750063566190231));
#2341=CARTESIAN_POINT('',(1.1,1.59999955550173,-0.0750063566190231));
#2342=CARTESIAN_POINT('',(1.1,1.6,-0.075));
#2343=CARTESIAN_POINT('',(1.1,1.59999955550173,-0.0750063566190231));
#2344=CARTESIAN_POINT('',(1.1,1.59999955550173,0.0750063566190219));
#2345=CARTESIAN_POINT('',(-1.1,1.59999955550173,0.0750063566190219));
#2346=CARTESIAN_POINT('',(-1.1,1.6,0.075));
#2347=CARTESIAN_POINT('',(1.1,1.59999955550173,0.0750063566190219));
#2348=CARTESIAN_POINT('',(1.1,1.6,0.075));
#2349=CARTESIAN_POINT('',(1.1,1.59999955550173,0.0750063566190219));
#2350=CARTESIAN_POINT('',(0.,0.,0.075));
#2351=CARTESIAN_POINT('',(0.,0.,0.075));
#2352=CARTESIAN_POINT('',(0.6912739793739,0.,0.075));
#2353=CARTESIAN_POINT('',(1.4,1.6,0.075));
#2354=CARTESIAN_POINT('',(1.1,1.6,0.075));
#2355=CARTESIAN_POINT('',(1.4,1.6,0.075));
#2356=CARTESIAN_POINT('',(1.25,1.6,0.075));
#2357=CARTESIAN_POINT('',(1.25,1.6,0.075));
#2358=CARTESIAN_POINT('',(1.25,1.6,-0.075));
#2359=CARTESIAN_POINT('',(1.4,1.6,-0.075));
#2360=CARTESIAN_POINT('',(-1.1,1.60627831095905,-0.0745991939212582));
#2361=CARTESIAN_POINT('',(-1.1,1.6,0.075));
#2362=CARTESIAN_POINT('',(-1.1,0.95068759882343,-0.848189851651932));
#2363=CARTESIAN_POINT('',(-1.1,0.95068759882343,-0.848189851651932));
#2364=CARTESIAN_POINT('',(-1.1,1.54673964176572,-0.848189851651932));
#2365=CARTESIAN_POINT('',(1.1,1.60627831095905,-0.0745991939212582));
#2366=CARTESIAN_POINT('',(1.1,0.95068759882343,-0.848189851651932));
#2367=CARTESIAN_POINT('',(1.1,0.95068759882343,-0.848189851651932));
#2368=CARTESIAN_POINT('',(1.1,0.95068759882343,-0.848189851651932));
#2369=CARTESIAN_POINT('',(1.1,0.95068759882343,-0.848189851651932));
#2370=CARTESIAN_POINT('',(1.1,0.95068759882343,-0.848189851651932));
#2371=CARTESIAN_POINT('',(0.,1.6,-0.075));
#2372=CARTESIAN_POINT('',(0.,1.54593329864691,-0.848189851651932));
#2373=CARTESIAN_POINT('',(-1.19629869110793,1.54593329864691,-0.848189851651932));
#2374=CARTESIAN_POINT('',(-1.24431061975324,1.59394522729221,-0.1615872837543));
#2375=CARTESIAN_POINT('',(-1.25036539246103,1.6,-0.075));
#2376=CARTESIAN_POINT('',(1.4,1.6,-0.075));
#2377=CARTESIAN_POINT('',(-1.25,1.6,-0.075));
#2378=CARTESIAN_POINT('',(1.4,1.6,-0.075));
#2379=CARTESIAN_POINT('',(1.4,1.6,-0.075));
#2380=CARTESIAN_POINT('',(1.25036539246103,1.6,-0.075));
#2381=CARTESIAN_POINT('',(1.24431061975324,1.59394522729221,-0.1615872837543));
#2382=CARTESIAN_POINT('',(1.19629869110793,1.54593329864691,-0.848189851651932));
#2383=CARTESIAN_POINT('',(0.,1.54593329864691,-0.848189851651932));
#2384=CARTESIAN_POINT('',(1.4,1.6,0.075));
#2385=CARTESIAN_POINT('',(1.4,1.6,0.075));
#2386=CARTESIAN_POINT('',(-1.25,1.6,0.075));
#2387=CARTESIAN_POINT('',(-1.25,1.6,0.075));
#2388=CARTESIAN_POINT('',(-1.24334213922038,1.44334213922038,0.164973729569199));
#2389=CARTESIAN_POINT('',(-1.19369226573302,1.39369226573302,0.875));
#2390=CARTESIAN_POINT('',(-1.19442394290622,1.54405855044519,0.875));
#2391=CARTESIAN_POINT('',(-1.34405855044519,1.39442394290622,0.875));
#2392=CARTESIAN_POINT('',(-1.24431061975324,1.59394522729221,0.1615872837543));
#2393=CARTESIAN_POINT('',(-1.25036539246103,1.6,0.075));
#2394=CARTESIAN_POINT('',(-1.25,1.45,0.0697618845762393));
#2395=CARTESIAN_POINT('',(-1.4,1.45036539246103,0.075));
#2396=CARTESIAN_POINT('',(-1.39297674675936,1.44334213922038,0.175437200630818));
#2397=CARTESIAN_POINT('',(0.,1.6,0.075));
#2398=CARTESIAN_POINT('',(1.4,1.6,0.075));
#2399=CARTESIAN_POINT('',(0.,1.54405855044519,0.875));
#2400=CARTESIAN_POINT('',(1.19442394290622,1.54405855044519,0.875));
#2401=CARTESIAN_POINT('',(1.24431061975324,1.59394522729221,0.1615872837543));
#2402=CARTESIAN_POINT('',(1.25036539246103,1.6,0.075));
#2403=CARTESIAN_POINT('',(1.4,1.6,0.075));
#2404=CARTESIAN_POINT('',(1.24431061975324,1.44431061975324,0.151123812692681));
#2405=CARTESIAN_POINT('',(1.19369226573302,1.39369226573302,0.875));
#2406=CARTESIAN_POINT('',(1.34405855044519,1.39442394290622,0.875));
#2407=CARTESIAN_POINT('',(1.39297674675936,1.44334213922038,0.175437200630818));
#2408=CARTESIAN_POINT('',(1.4,1.45036539246103,0.075));
#2409=CARTESIAN_POINT('',(1.25,1.45,0.0697618845762384));
#2410=CARTESIAN_POINT('',(0.,0.,0.875));
#2411=CARTESIAN_POINT('',(0.,0.,0.875));
#2412=CARTESIAN_POINT('',(1.2,0.,0.875));
#2413=CARTESIAN_POINT('',(1.4,0.,0.075));
#2414=CARTESIAN_POINT('',(1.34405855044519,0.,0.875));
#2415=CARTESIAN_POINT('',(1.34405855044519,-1.39442394290622,0.875));
#2416=CARTESIAN_POINT('',(1.39297674675936,-1.44334213922038,0.175437200630818));
#2417=CARTESIAN_POINT('',(1.4,-1.45036539246103,0.075));
#2418=CARTESIAN_POINT('',(1.4,-1.6,0.075));
#2419=CARTESIAN_POINT('',(1.4,-1.45,0.075));
#2420=CARTESIAN_POINT('',(1.4,-1.6,0.075));
#2421=CARTESIAN_POINT('',(1.4,1.45,0.075));
#2422=CARTESIAN_POINT('',(1.4,-1.6,0.075));
#2423=CARTESIAN_POINT('',(-1.4,0.,0.075));
#2424=CARTESIAN_POINT('',(-1.40495911205646,-0.979176064304658,0.0040813935508905));
#2425=CARTESIAN_POINT('',(-1.34405855044519,-1.04256236312455,0.875));
#2426=CARTESIAN_POINT('',(-1.37902195641695,-1.00617187935803,0.375));
#2427=CARTESIAN_POINT('',(-1.34405855044519,0.,0.875));
#2428=CARTESIAN_POINT('',(-1.4,1.6,0.075));
#2429=CARTESIAN_POINT('',(-1.4,1.45,0.075));
#2430=CARTESIAN_POINT('',(-1.4,1.6,0.075));
#2431=CARTESIAN_POINT('',(-1.4,-1.45,0.075));
#2432=CARTESIAN_POINT('',(-1.4,1.6,0.075));
#2433=CARTESIAN_POINT('',(-1.4,-1.45036539246103,0.075));
#2434=CARTESIAN_POINT('',(-1.39297674675936,-1.44334213922038,0.175437200630818));
#2435=CARTESIAN_POINT('',(-1.37902195641695,-1.42938734887797,0.375));
#2436=CARTESIAN_POINT('',(-1.37902195641695,0.,0.375));
#2437=CARTESIAN_POINT('',(1.4,-1.6,0.075));
#2438=CARTESIAN_POINT('',(1.4,-1.45,0.075));
#2439=CARTESIAN_POINT('',(1.4,-1.45,-0.075));
#2440=CARTESIAN_POINT('',(1.4,-1.6,-0.075));
#2441=CARTESIAN_POINT('',(1.4,1.45,-0.075));
#2442=CARTESIAN_POINT('',(1.4,1.45,0.075));
#2443=CARTESIAN_POINT('',(1.25,1.45,0.075));
#2444=CARTESIAN_POINT('',(1.4,-1.6,-0.075));
#2445=CARTESIAN_POINT('',(1.4,1.45036539246103,-0.075));
#2446=CARTESIAN_POINT('',(1.25,1.45,-0.0697618845762379));
#2447=CARTESIAN_POINT('',(1.24334213922038,1.44334213922038,-0.164973729569199));
#2448=CARTESIAN_POINT('',(1.19556701393473,1.39556701393473,-0.848189851651932));
#2449=CARTESIAN_POINT('',(1.3459332986469,1.39629869110793,-0.848189851651932));
#2450=CARTESIAN_POINT('',(1.39297674675936,1.44334213922038,-0.175437200630818));
#2451=CARTESIAN_POINT('',(7.42347510982867,0.55422365641232,-0.848189851651932));
#2452=CARTESIAN_POINT('',(1.3459332986469,1.24433537038288E-16,-0.848189851651932));
#2453=CARTESIAN_POINT('',(1.3459332986469,0.55422365641232,-0.848189851651932));
#2454=CARTESIAN_POINT('',(7.42347510982867,0.55422365641232,-0.848189851651932));
#2455=CARTESIAN_POINT('',(-1.34593329864691,0.55422365641232,-0.848189851651932));
#2456=CARTESIAN_POINT('',(-1.3459332986469,1.24433537038288E-16,-0.848189851651932));
#2457=CARTESIAN_POINT('',(-1.3459332986469,1.39629869110793,-0.848189851651932));
#2458=CARTESIAN_POINT('',(-1.19556701393473,1.39556701393473,-0.848189851651932));
#2459=CARTESIAN_POINT('',(-1.24431061975324,1.44431061975324,-0.151123812692681));
#2460=CARTESIAN_POINT('',(-1.39297674675936,1.44334213922038,-0.175437200630818));
#2461=CARTESIAN_POINT('',(-1.4,1.45036539246103,-0.075));
#2462=CARTESIAN_POINT('',(-1.25,1.45,-0.069761884576241));
#2463=CARTESIAN_POINT('',(-1.25,1.45,0.075));
#2464=CARTESIAN_POINT('',(-1.4,1.6,-0.075));
#2465=CARTESIAN_POINT('',(-1.4,1.45,-0.075));
#2466=CARTESIAN_POINT('',(-1.4,1.45,0.075));
#2467=CARTESIAN_POINT('',(-1.4,1.6,0.075));
#2468=CARTESIAN_POINT('',(-1.4,1.6,-0.075));
#2469=CARTESIAN_POINT('',(-1.4,-1.45,-0.075));
#2470=CARTESIAN_POINT('',(-1.4,-1.45,0.075));
#2471=CARTESIAN_POINT('',(0.,0.,-0.925));
#2472=CARTESIAN_POINT('',(1.34056220984802,0.,-0.925));
#2473=CARTESIAN_POINT('',(1.34056220984802,-0.55422365641232,-0.925));
#2474=CARTESIAN_POINT('',(1.34056220984802,0.55422365641232,-0.925));
#2475=CARTESIAN_POINT('',(7.42347510982867,-0.55422365641232,-0.925));
#2476=CARTESIAN_POINT('',(-1.34056220984802,-0.55422365641232,-0.925));
#2477=CARTESIAN_POINT('',(-1.34056220984802,0.,-0.925));
#2478=CARTESIAN_POINT('',(-1.34056220984802,0.55422365641232,-0.925));
#2479=CARTESIAN_POINT('',(7.42347510982867,0.55422365641232,-0.925));
#2480=CARTESIAN_POINT('',(7.42347510982867,0.55422365641232,-0.925));
#2481=CARTESIAN_POINT('',(-1.4,0.55422365641232,-0.075));
#2482=CARTESIAN_POINT('',(1.4,0.55422365641232,-0.075));
#2483=CARTESIAN_POINT('',(0.,0.,0.875));
#2484=CARTESIAN_POINT('',(-1.48189999568294,-0.899094736448524,0.875));
#2485=CARTESIAN_POINT('',(-0.86222888027438,-1.54405855044519,0.875));
#2486=CARTESIAN_POINT('',(0.,-1.54405855044519,0.875));
#2487=CARTESIAN_POINT('',(1.19442394290622,-1.54405855044519,0.875));
#2488=CARTESIAN_POINT('',(1.19369226573302,-1.39369226573302,0.875));
#2489=CARTESIAN_POINT('',(1.24334213922038,-1.44334213922038,0.164973729569199));
#2490=CARTESIAN_POINT('',(1.24431061975324,-1.59394522729221,0.1615872837543));
#2491=CARTESIAN_POINT('',(1.25036539246103,-1.6,0.075));
#2492=CARTESIAN_POINT('',(1.25,-1.45,0.0697618845762412));
#2493=CARTESIAN_POINT('',(-1.24431061975324,-1.44431061975324,0.151123812692681));
#2494=CARTESIAN_POINT('',(-1.24431061975324,-1.59394522729221,0.1615872837543));
#2495=CARTESIAN_POINT('',(-1.22938734887797,-1.57902195641695,0.375));
#2496=CARTESIAN_POINT('',(-1.25036539246103,-1.6,0.075));
#2497=CARTESIAN_POINT('',(-1.22865567170477,-1.42865567170477,0.375));
#2498=CARTESIAN_POINT('',(-1.25,-1.45,0.0697618845762384));
#2499=CARTESIAN_POINT('',(0.,0.,0.375));
#2500=CARTESIAN_POINT('',(0.,-1.57902195641695,0.375));
#2501=CARTESIAN_POINT('',(-0.828636588262302,-1.57902195641695,0.375));
#2502=CARTESIAN_POINT('',(-1.48189999568294,-0.899094736448524,0.375));
#2503=CARTESIAN_POINT('',(-1.48189999568294,-0.899094736448524,0.375));
#2504=CARTESIAN_POINT('',(-0.804865912735232,-1.60376286359818,0.0211885435128591));
#2505=CARTESIAN_POINT('',(1.25,-1.45,0.075));
#2506=CARTESIAN_POINT('',(-1.4,-1.6,0.075));
#2507=CARTESIAN_POINT('',(1.25,-1.6,0.075));
#2508=CARTESIAN_POINT('',(1.25,-1.6,0.075));
#2509=CARTESIAN_POINT('',(1.25,-1.6,-0.075));
#2510=CARTESIAN_POINT('',(-1.4,-1.6,-0.075));
#2511=CARTESIAN_POINT('',(1.25036539246103,-1.6,-0.075));
#2512=CARTESIAN_POINT('',(1.25,-1.45,-0.0697618845762374));
#2513=CARTESIAN_POINT('',(1.4,-1.45036539246103,-0.075));
#2514=CARTESIAN_POINT('',(1.4,-1.6,-0.075));
#2515=CARTESIAN_POINT('',(1.24431061975324,-1.44431061975324,-0.151123812692681));
#2516=CARTESIAN_POINT('',(1.19556701393473,-1.39556701393473,-0.848189851651932));
#2517=CARTESIAN_POINT('',(1.3459332986469,-1.39629869110793,-0.848189851651932));
#2518=CARTESIAN_POINT('',(1.19629869110793,-1.5459332986469,-0.848189851651932));
#2519=CARTESIAN_POINT('',(1.39297674675936,-1.44334213922038,-0.175437200630818));
#2520=CARTESIAN_POINT('',(1.24431061975324,-1.59394522729221,-0.1615872837543));
#2521=CARTESIAN_POINT('',(1.4,0.,-0.075));
#2522=CARTESIAN_POINT('',(1.3459332986469,-1.6173948924125E-17,-0.848189851651932));
#2523=CARTESIAN_POINT('',(1.34593329864691,-0.55422365641232,-0.848189851651932));
#2524=CARTESIAN_POINT('',(1.4,-0.55422365641232,-0.075));
#2525=CARTESIAN_POINT('',(7.42347510982867,-0.55422365641232,-0.925));
#2526=CARTESIAN_POINT('',(-1.4,-0.55422365641232,-0.075));
#2527=CARTESIAN_POINT('',(-1.3459332986469,-0.55422365641232,-0.848189851651932));
#2528=CARTESIAN_POINT('',(7.42347510982867,-0.55422365641232,-0.848189851651932));
#2529=CARTESIAN_POINT('',(-1.4,0.,-0.075));
#2530=CARTESIAN_POINT('',(-1.3459332986469,-1.6173948924125E-17,-0.848189851651932));
#2531=CARTESIAN_POINT('',(-1.3459332986469,-1.39629869110793,-0.848189851651932));
#2532=CARTESIAN_POINT('',(-1.39297674675936,-1.44334213922038,-0.175437200630818));
#2533=CARTESIAN_POINT('',(-1.4,-1.45036539246103,-0.075));
#2534=CARTESIAN_POINT('',(-1.4,1.6,-0.075));
#2535=CARTESIAN_POINT('',(-1.24334213922038,-1.44334213922038,-0.164973729569199));
#2536=CARTESIAN_POINT('',(-1.19556701393473,-1.39556701393473,-0.848189851651932));
#2537=CARTESIAN_POINT('',(-1.19629869110793,-1.5459332986469,-0.848189851651932));
#2538=CARTESIAN_POINT('',(-1.24431061975324,-1.59394522729221,-0.1615872837543));
#2539=CARTESIAN_POINT('',(-1.25036539246103,-1.6,-0.075));
#2540=CARTESIAN_POINT('',(-1.25,-1.45,-0.069761884576241));
#2541=CARTESIAN_POINT('',(0.,-1.6,-0.075));
#2542=CARTESIAN_POINT('',(0.,-1.5459332986469,-0.848189851651932));
#2543=CARTESIAN_POINT('',(1.1,-1.5459332986469,-0.848189851651932));
#2544=CARTESIAN_POINT('',(-1.4,-1.6,-0.075));
#2545=CARTESIAN_POINT('',(1.1,-1.6,-0.075));
#2546=CARTESIAN_POINT('',(-1.4,-1.6,-0.075));
#2547=CARTESIAN_POINT('',(-1.1,-1.6,-0.075));
#2548=CARTESIAN_POINT('',(-1.4,-1.6,-0.075));
#2549=CARTESIAN_POINT('',(-1.25,-1.6,-0.075));
#2550=CARTESIAN_POINT('',(-1.4,-1.6,-0.075));
#2551=CARTESIAN_POINT('',(0.,-1.5459332986469,-0.848189851651932));
#2552=CARTESIAN_POINT('',(-1.1,-1.5459332986469,-0.848189851651932));
#2553=CARTESIAN_POINT('',(0.,-1.5459332986469,-0.848189851651932));
#2554=CARTESIAN_POINT('',(7.42347510982867,-0.55422365641232,-0.848189851651932));
#2555=CARTESIAN_POINT('',(1.1,-0.95068759882343,-0.848189851651932));
#2556=CARTESIAN_POINT('',(1.1,-0.95068759882343,-0.848189851651932));
#2557=CARTESIAN_POINT('',(7.42347510982867,-0.95068759882343,-0.848189851651932));
#2558=CARTESIAN_POINT('',(-1.1,-0.95068759882343,-0.848189851651932));
#2559=CARTESIAN_POINT('',(-1.1,-1.54673964176572,-0.848189851651932));
#2560=CARTESIAN_POINT('',(-1.25,-1.45,0.075));
#2561=CARTESIAN_POINT('',(-1.25,-1.6,0.075));
#2562=CARTESIAN_POINT('',(-1.25,-1.6,0.075));
#2563=CARTESIAN_POINT('',(-1.4,-1.6,0.075));
#2564=CARTESIAN_POINT('',(0.,-1.6,0.075));
#2565=CARTESIAN_POINT('',(-1.4,-1.6,0.075));
#2566=CARTESIAN_POINT('',(-1.1,-1.6,0.075));
#2567=CARTESIAN_POINT('',(-1.4,-1.6,0.075));
#2568=CARTESIAN_POINT('',(1.1,-1.6,0.075));
#2569=CARTESIAN_POINT('',(-1.4,-1.6,0.075));
#2570=CARTESIAN_POINT('',(-1.4,-1.6,0.075));
#2571=CARTESIAN_POINT('',(-1.1,-1.6,0.075));
#2572=CARTESIAN_POINT('',(-1.4,-1.6,0.075));
#2573=CARTESIAN_POINT('',(1.1,-1.6,0.075));
#2574=CARTESIAN_POINT('',(1.1,-1.60627831095905,-0.0745991939212582));
#2575=CARTESIAN_POINT('',(1.1,-1.59999955550173,0.0750063566190219));
#2576=CARTESIAN_POINT('',(1.1,-1.60627831095905,0.0750063566190203));
#2577=CARTESIAN_POINT('',(1.1,-1.60627831095905,-0.0745991939212582));
#2578=CARTESIAN_POINT('',(1.1,-1.75588386149933,-0.0745991939212582));
#2579=CARTESIAN_POINT('',(1.1,-1.75588386149933,-0.0745991939212582));
#2580=CARTESIAN_POINT('',(1.1,-1.75588386149933,-0.852859039989149));
#2581=CARTESIAN_POINT('',(1.1,-1.61055304983655,-0.852859039989149));
#2582=CARTESIAN_POINT('',(1.1,-1.61055304983655,-0.998189851651932));
#2583=CARTESIAN_POINT('',(1.1,-0.95068759882343,-0.998189851651932));
#2584=CARTESIAN_POINT('',(1.1,-0.95068759882343,-0.998189851651932));
#2585=CARTESIAN_POINT('',(1.1,-0.95068759882343,-0.848189851651932));
#2586=CARTESIAN_POINT('',(1.1,-0.95068759882343,-0.848189851651932));
#2587=CARTESIAN_POINT('',(1.1,-1.54673964176572,-0.848189851651932));
#2588=CARTESIAN_POINT('',(1.1,-1.54673964176572,-0.775145388274401));
#2589=CARTESIAN_POINT('',(1.1,-1.61978410514325,-0.775145388274401));
#2590=CARTESIAN_POINT('',(1.1,-1.61978410514325,-0.0899248353785669));
#2591=CARTESIAN_POINT('',(1.1,-1.61978410514325,-0.0899248353785669));
#2592=CARTESIAN_POINT('',(1.1,-1.6048656263837,-0.0899248353785669));
#2593=CARTESIAN_POINT('',(1.1,-1.6048656263837,-0.075006356619022));
#2594=CARTESIAN_POINT('',(1.1,-1.59999955550173,-0.0750063566190231));
#2595=CARTESIAN_POINT('',(-1.1,-1.60627831095905,-0.0745991939212582));
#2596=CARTESIAN_POINT('',(-1.1,-1.59999955550173,-0.0750063566190231));
#2597=CARTESIAN_POINT('',(-1.1,-1.6048656263837,-0.075006356619022));
#2598=CARTESIAN_POINT('',(-1.1,-1.6048656263837,-0.0899248353785669));
#2599=CARTESIAN_POINT('',(-1.1,-1.61978410514325,-0.0899248353785669));
#2600=CARTESIAN_POINT('',(-1.1,-1.61978410514325,-0.0899248353785669));
#2601=CARTESIAN_POINT('',(-1.1,-1.61978410514325,-0.775145388274401));
#2602=CARTESIAN_POINT('',(-1.1,-1.54673964176572,-0.775145388274401));
#2603=CARTESIAN_POINT('',(-1.1,-1.54673964176572,-0.848189851651932));
#2604=CARTESIAN_POINT('',(-1.1,-1.54673964176572,-0.848189851651932));
#2605=CARTESIAN_POINT('',(-1.1,-0.95068759882343,-0.848189851651932));
#2606=CARTESIAN_POINT('',(-1.1,-0.95068759882343,-0.998189851651932));
#2607=CARTESIAN_POINT('',(-1.1,-0.95068759882343,-0.998189851651932));
#2608=CARTESIAN_POINT('',(-1.1,-1.61055304983655,-0.998189851651932));
#2609=CARTESIAN_POINT('',(-1.1,-1.61055304983655,-0.852859039989149));
#2610=CARTESIAN_POINT('',(-1.1,-1.75588386149933,-0.852859039989149));
#2611=CARTESIAN_POINT('',(-1.1,-1.75588386149933,-0.0745991939212582));
#2612=CARTESIAN_POINT('',(-1.1,-1.75588386149933,-0.0745991939212582));
#2613=CARTESIAN_POINT('',(-1.1,-1.60627831095905,-0.0745991939212582));
#2614=CARTESIAN_POINT('',(-1.1,-1.60627831095905,0.0750063566190203));
#2615=CARTESIAN_POINT('',(-1.1,-1.59999955550173,0.0750063566190219));
#2616=CARTESIAN_POINT('',(1.1,-1.59999955550173,-0.0750063566190231));
#2617=CARTESIAN_POINT('',(1.1,-1.6048656263837,-0.075006356619022));
#2618=CARTESIAN_POINT('',(1.1,-1.59999955550173,0.0750063566190219));
#2619=CARTESIAN_POINT('',(1.1,-1.60627831095905,0.0750063566190203));
#2620=CARTESIAN_POINT('',(1.1,-1.60627831095905,-0.0745991939212582));
#2621=CARTESIAN_POINT('',(1.1,-1.75588386149933,-0.0745991939212582));
#2622=CARTESIAN_POINT('',(1.1,-1.75588386149933,-0.0745991939212582));
#2623=CARTESIAN_POINT('',(1.1,-1.75588386149933,-0.852859039989149));
#2624=CARTESIAN_POINT('',(1.1,-1.61055304983655,-0.852859039989149));
#2625=CARTESIAN_POINT('',(1.1,-1.61055304983655,-0.998189851651932));
#2626=CARTESIAN_POINT('',(1.1,-0.95068759882343,-0.998189851651932));
#2627=CARTESIAN_POINT('',(1.1,-0.95068759882343,-0.998189851651932));
#2628=CARTESIAN_POINT('',(1.1,-0.95068759882343,-0.848189851651932));
#2629=CARTESIAN_POINT('',(1.1,-1.54673964176572,-0.848189851651932));
#2630=CARTESIAN_POINT('',(1.1,-1.54673964176572,-0.848189851651932));
#2631=CARTESIAN_POINT('',(1.1,-1.54673964176572,-0.775145388274401));
#2632=CARTESIAN_POINT('',(1.1,-1.61978410514325,-0.775145388274401));
#2633=CARTESIAN_POINT('',(1.1,-1.61978410514325,-0.0899248353785669));
#2634=CARTESIAN_POINT('',(1.1,-1.61978410514325,-0.0899248353785669));
#2635=CARTESIAN_POINT('',(1.1,-1.6048656263837,-0.0899248353785669));
#2636=MECHANICAL_DESIGN_GEOMETRIC_PRESENTATION_REPRESENTATION('',(#1256,
#1257,#1258,#1259,#1260,#1261,#1262,#1263,#1264,#1265,#1266,#1267,#1268,
#1269,#1270,#1271,#1272,#1273,#1274,#1275,#1276,#1277,#1278,#1279,#1280,
#1281,#1282,#1283,#1284,#1285,#1286,#1287,#1288,#1289,#1290,#1291,#1292,
#1293,#1294,#1295,#1296,#1297,#1298,#1299,#1300,#1301,#1302,#1303,#1304,
#1305,#1306,#1307,#1308,#1309,#1310,#1311,#1312,#1313,#1314,#1315,#1316,
#1317,#1318,#1319,#1320,#1321,#1322),#2637);
#2637=(
GEOMETRIC_REPRESENTATION_CONTEXT(3)
GLOBAL_UNCERTAINTY_ASSIGNED_CONTEXT((#2638))
GLOBAL_UNIT_ASSIGNED_CONTEXT((#2641,#2640,#2639))
REPRESENTATION_CONTEXT('LS T676-Q1R2-1-Z','TOP_LEVEL_ASSEMBLY_PART')
);
#2638=UNCERTAINTY_MEASURE_WITH_UNIT(LENGTH_MEASURE(0.005),#2641,
'DISTANCE_ACCURACY_VALUE','Maximum Tolerance applied to model');
#2639=(
NAMED_UNIT(*)
SI_UNIT($,.STERADIAN.)
SOLID_ANGLE_UNIT()
);
#2640=(
NAMED_UNIT(*)
PLANE_ANGLE_UNIT()
SI_UNIT($,.RADIAN.)
);
#2641=(
LENGTH_UNIT()
NAMED_UNIT(*)
SI_UNIT(.MILLI.,.METRE.)
);
#2642=PRODUCT_DEFINITION_SHAPE('','',#2643);
#2643=PRODUCT_DEFINITION('','',#2645,#2644);
#2644=PRODUCT_DEFINITION_CONTEXT('',#2651,'design');
#2645=PRODUCT_DEFINITION_FORMATION_WITH_SPECIFIED_SOURCE('','',#2647,
 .NOT_KNOWN.);
#2646=PRODUCT_RELATED_PRODUCT_CATEGORY('','',(#2647));
#2647=PRODUCT('LS T676-Q1R2-1-Z','LS T676-Q1R2-1-Z','LS T676-Q1R2-1-Z',
(#2649));
#2648=PRODUCT_CATEGORY('','');
#2649=PRODUCT_CONTEXT('',#2651,'mechanical');
#2650=APPLICATION_PROTOCOL_DEFINITION('international standard',
'automotive_design',2010,#2651);
#2651=APPLICATION_CONTEXT(
'core data for automotive mechanical design processes');
ENDSEC;
END-ISO-10303-21;
